lat,lon,count,구,소재지지번주소
35.08108,126.95118,2,동구,동구 선교동 산189-3
35.08573,126.95012,2,동구,동구 선교동 산146-3
35.08649,126.93883,3,동구,동구 내남동 187-2
35.0876,126.9491,2,동구,동구 선교동 447
35.08841,126.94753,1,동구,동구 선교동 206-4
35.08897,126.94826,2,동구,동구 선교동 257-2
35.08909,126.93122,2,동구,동구 내남동 540-4
35.08913,126.94648,2,동구,동구 선교동 224
35.08975,126.95152,4,동구,동구 선교동 274-2
35.09123,126.94374,3,동구,동구 선교동 451
35.09126,126.94197,3,동구,동구 내남동 59
35.09165,126.83221,1,서구,서구 용두동 산47-1
35.09186,126.94263,4,동구,동구 선교동 486
35.09232,126.93892,2,동구,동구 내남동 243
35.09288,126.93984,2,동구,동구 내남동 857-56
35.09343,126.8148,2,서구,서구 용두동 579-1
35.0935,126.94061,3,동구,동구 내남동 299-5
35.09365,126.93966,2,동구,동구 지산동 722-10
35.09376,126.93972,3,동구,동구 내남동 857-86
35.09376,126.94063,2,동구,동구 내남동 17
35.09405,126.8113,3,서구,서구 용두동 636-8
35.09407,126.96234,3,동구,동구 용연동 634-3
35.09428,126.93915,3,동구,동구 내남동 303
35.09446,126.93994,4,동구,동구 내남동 299-5
35.09573,126.82587,2,서구,서구 용두동 66-2
35.09598,126.93874,3,동구,동구 내남동 323-8
35.09686,126.81601,3,서구,서구 용두동 752-22
35.09852,126.93793,4,동구,동구 내남동 352-3
35.09871,126.81913,2,서구,서구 용두동 413-4
35.10175,126.94201,3,동구,동구 월남동 136-7
35.10193,126.94095,3,동구,동구 월남동 136-1
35.10234,126.93982,2,동구,동구 월남동 185-3
35.10359,126.9387,3,동구,동구 월남동 200
35.10401,126.96595,1,동구,동구 용연동 산309-1
35.10422,126.93615,3,동구,동구 월남동 220-4
35.10478,126.92782,2,동구,동구 월남동 470 
35.1048,126.92766,2,동구,동구 월남동 638 
35.10533,126.83398,2,서구,서구 서창동 155-1
35.10568,126.93414,2,동구,동구 월남동 267-1
35.10671,126.82092,3,서구,서구 서창동 383-1
35.10717,126.82294,4,서구,서구 서창동 484
35.10793,126.82454,3,서구,서구 서창동 506-9
35.1084,126.8224,2,서구,서구 서창동 531-6
35.10859,126.82146,2,서구,서구 서창동 산4-1
35.10911,126.82018,3,서구,서구 서창동 1044-17
35.11004,126.82184,2,서구,서구 서창동 1044-8
35.1101,126.82298,3,서구,서구 서창동 529-3
35.11341,126.86384,2,서구,서구 매월동 950
35.11348,126.85702,3,서구,서구 매월동 953
35.11377,126.84601,3,서구,서구 매월동 425-3
35.11398,126.831,4,서구,서구 세하동 551-2
35.11438,126.82972,2,서구,서구 세하동 551-7
35.11439,126.85572,2,서구,서구 매월동 955
35.11443,126.86506,3,서구,서구 매월동 949
35.11464,126.74901,3,서구,서구 양동 38-7
35.11488,126.8511,3,서구,서구 매월동 496-26
35.11507,126.85469,3,서구,서구 매월동 955
35.11531,126.84914,2,서구,서구 매월동 512
35.11531,126.85137,2,서구,서구 매월동 508 
35.11537,126.82985,2,서구,서구 세하동 562-3
35.11551,126.86683,2,서구,서구 풍암동 821-5
35.11596,126.86752,2,서구,서구 풍암동 산105-3
35.11606,126.9216,2,동구,동구 용산동 395-2
35.11665,126.86438,2,서구,서구 매월동 942
35.11668,126.83114,4,서구,서구 세하동 402-1
35.11686,126.84706,2,서구,서구 매월동 756-8
35.11694,126.86752,2,서구,서구 풍암동 산95-14
35.11716,126.92199,1,동구,동구 용산동 436
35.11716,126.92251,3,동구,동구 용산동 445-3
35.11717,126.84811,2,서구,서구 매월동 525-3
35.11729,126.92843,2,동구,동구 용산동 715
35.11737,126.84777,2,서구,서구 매월동 756-3
35.11752,126.92603,4,동구,동구 용산동 683
35.11752,126.93047,2,동구,동구 용산동 145-1
35.11756,126.93307,2,동구,동구 용산동 151
35.11786,126.92336,3,동구,동구 용산동 670
35.11813,126.9244,4,동구,동구 용산동 677
35.11816,126.86719,2,서구,서구 풍암동 680-1
35.11837,126.86194,1,서구,서구 매월동 941
35.11856,126.85077,4,서구,서구 매월동 산69-1
35.11856,126.95894,2,동구,동구 운림동 838-1
35.11863,126.93175,4,동구,동구 용산동 175-1
35.1189,126.86972,2,서구,서구 풍암동769-4
35.11898,126.93104,2,동구,동구 용산동 182-6
35.1191,126.89445,2,북구,북구 매곡동 215-10
35.11916,126.93095,3,동구,동구 용산동 227
35.11949,126.92991,3,동구,동구 용산동 219
35.11962,126.92704,3,동구,동구 용산동 316-2
35.11972,126.93228,1,동구,동구 용산동 636-49
35.11974,126.9314,2,동구,동구 용산동 259-8
35.11977,126.88281,2,서구,서구 풍암동 1063
35.11998,126.83791,3,서구,서구 세하동 93-2
35.12016,126.86443,4,서구,서구 풍암동 916
35.12022,126.92674,2,동구,동구 용산동 77-1
35.12023,126.86629,4,서구,서구 풍암동 929-1
35.12038,126.87766,2,서구,서구 풍암동 1056
35.12057,126.93074,2,동구,동구 용산동 243-17
35.12076,126.9342,3,동구,동구 소태동 690
35.12087,126.86748,3,서구,서구 풍암동 976-4
35.12088,126.92525,3,동구,동구 용산동 719
35.12091,126.8343,2,서구,서구 세하동 281-16
35.12095,126.95756,2,동구,동구 운림동 807
35.12099,126.88268,3,서구,서구 풍암동 1062
35.121,126.86922,3,서구,서구 풍암동 1044
35.12102,126.86329,4,서구,서구 풍암동 886 
35.12102,126.88084,3,서구,서구 풍암동 1058
35.12104,126.86568,4,서구,서구 풍암동 926
35.1211,126.86079,2,서구,서구 풍암동 866-5
35.12114,126.87823,3,서구,서구 풍암동 1057
35.12119,126.8843,3,서구,서구 풍암동 1064
35.12124,126.93534,4,동구,동구 소태동 230
35.12125,126.86355,3,서구,서구 풍암동 903
35.12126,126.86389,3,서구,서구 풍암동 910-11
35.12131,126.9387,2,동구,동구 소태동 371
35.12134,126.88358,1,서구,서구 풍암동 253
35.12157,126.93671,3,동구,동구 소태동 301-1
35.12162,126.9328,3,동구,동구 용산동 636-100
35.12163,126.88294,2,서구,서구 풍암동 1086-4
35.12169,126.93436,3,동구,동구 소태동 861-41
35.1217,126.87842,2,서구,서구 풍암동 1057
35.12189,126.86972,2,서구,서구 풍암동 1044
35.12193,126.8679,3,서구,서구 풍암동 1011
35.12199,126.86009,2,서구,서구 금호동 862
35.1221,126.8653,2,서구,서구 풍암동 958-1
35.12244,126.85971,3,서구,서구 금호동 860-1
35.12252,126.86327,4,서구,서구 풍암동 901
35.12257,126.86457,3,서구,서구 풍암동 947
35.12259,126.86068,3,서구,서구 금호동 848-7
35.12262,126.88533,2,서구,서구 풍암동 1065
35.12273,126.86406,2,서구,서구 풍암동 947
35.12276,126.88514,2,서구,서구 풍암동 1065
35.12284,126.93459,2,동구,동구 소태동 638-37
35.12285,126.88439,3,서구,서구 풍암동 1066-2
35.123,126.86655,3,서구,서구 풍암동 951
35.123,126.88091,4,서구,서구 풍암동 1094 
35.12303,126.86846,2,서구,서구 풍암동 1008
35.12313,126.86528,2,서구,서구 풍암동 950
35.12318,126.88059,2,서구,서구 풍암동 1094
35.12326,126.86436,2,서구,서구 풍암동 948
35.12338,126.93649,3,동구,동구 소태동 440-3
35.12339,126.85789,4,서구,서구 금호동 878
35.12344,126.8814,4,서구,서구 풍암동 1094
35.12351,126.8658,4,서구,서구 풍암동 950
35.12351,126.87532,4,서구,서구 풍암동 1050
35.1236,126.87626,3,서구,서구 풍암동 1052
35.12363,126.86832,2,서구,서구 풍암동 997-8
35.12364,126.86114,3,서구,서구 금호동 848-15
35.12367,126.93471,4,동구,동구 소태동 635-9
35.12369,126.93304,1,동구,동구 소태동 650
35.1237,126.87457,3,서구,서구 풍암동 1046-1
35.12373,126.86616,2,서구,서구 풍암동 950
35.12383,126.88142,3,서구,서구 풍암동 1129
35.12386,126.93313,2,동구,동구 소태동 652-14
35.12399,126.85516,3,서구,서구 금호동 896-5
35.12399,126.8592,2,서구,서구 금호동 833
35.12408,126.85924,3,서구,서구 금호동 831
35.12408,126.86058,3,서구,서구 금호동 841
35.12409,126.87602,2,서구,서구 풍암동 1051
35.12411,126.8703,3,서구,서구 풍암동 1030-3
35.12412,126.85631,3,서구,서구 금호동 890
35.12413,126.93762,3,서구,서구 농성동 636-8
35.12426,126.9349,3,동구,동구 소태동 445-1
35.12433,126.93673,3,동구,동구 소태동 457
35.12438,126.93537,1,동구,동구 소태동 447-4
35.12463,126.86713,3,서구,서구 풍암동 981-7
35.12477,126.85632,2,서구,서구 금호동 820
35.12482,126.85436,4,서구,서구 금호동 910-1
35.12485,126.87833,3,서구,서구 풍암동 1125
35.12492,126.88029,2,서구,서구 풍암동 1126
35.12495,126.8835,2,서구,서구 풍암동 1187-9
35.12498,126.93647,3,동구,동구 소태동 480-2
35.12502,126.88394,3,서구,서구 풍암동 1181-8
35.12504,126.85501,3,서구,서구 금호동 903
35.12504,126.857,4,서구,서구 금호동 820
35.12536,126.87043,2,서구,서구 풍암동 산92-8
35.12542,126.85501,4,서구,서구 금호동 821
35.12545,126.88046,4,서구,서구 풍암동 1132 주변도로
35.12557,126.93222,2,동구,동구 소태동 566-2
35.12607,126.93671,2,동구,동구 소태동 508-7
35.12613,126.93338,4,동구,동구 소태동 566-2
35.12617,126.85275,4,서구,서구 금호동 923
35.12618,126.88267,3,서구,서구 풍암동 1141
35.12637,126.85341,4,서구,서구 금호동 151-6
35.12644,126.88327,2,서구,서구 풍암동 1141
35.12646,126.87759,2,서구,서구 풍암동 1102
35.12669,126.93469,4,동구,동구 소태동 512-19
35.12674,126.93208,4,동구,동구 소태동 573-28
35.12694,126.88219,2,서구,서구 풍암동 1141
35.12695,126.88303,4,서구,서구 풍암동 1141
35.127,126.93303,3,동구,동구 소태동 566-19
35.12709,126.87982,3,서구,서구 풍암동 1092
35.12753,126.88358,4,서구,서구 풍암동 1166
35.12753,126.88492,2,서구,서구 풍암동 1157-7
35.12756,126.93373,4,동구,동구 소태동 551-4
35.12763,126.9353,2,동구,동구 소태동 506-6
35.12766,126.85498,3,서구,서구 금호동 205-5
35.12768,126.88403,3,서구,서구 풍암동 1165
35.12773,126.93439,2,동구,동구 소태동 553-19
35.1278,126.92839,3,동구,동구 소태동 958
35.12795,126.9328,4,동구,동구 소태동 532-80
35.12803,126.93149,3,동구,동구 소태동 532-78
35.12808,126.85185,3,서구,서구 금호동 613-3
35.12835,126.92938,3,동구,동구 소태동 989
35.12847,126.88559,2,서구,서구 풍암동 1153-14
35.12869,126.8501,3,서구,서구 금호동 1058
35.12877,126.92894,2,동구,동구 소태동 981
35.12884,126.93474,2,동구,동구 소태동 698-23
35.12887,126.92746,3,동구,동구 소태동 909
35.12912,126.88678,3,서구,서구 풍암동 1150-3
35.12915,126.85733,1,서구,서구 금호동 811
35.12915,126.88421,2,서구,서구 풍암동 37-1
35.12937,126.93361,3,동구,동구 소태동 706-5
35.12939,126.92881,1,동구,동구 학동 898-109
35.12954,126.85747,2,서구,서구 금호동 811
35.12981,126.9302,2,동구,동구 소태동 1103
35.12981,126.94951,2,동구,동구 운림동 458-2
35.13001,126.85833,3,서구,서구 금호동 781
35.13002,126.86281,2,서구,서구 금호동 780
35.13013,126.86335,2,서구,서구 금호동 788
35.13017,126.85504,2,서구,서구 금호동 237-2
35.13021,126.93101,2,동구,동구 소태동 1103
35.13026,126.85028,2,서구,서구 금호동 240-57
35.13028,126.93188,2,동구,동구 소태동 1103
35.13031,126.93991,2,동구,동구 소태동 789
35.13053,126.93212,4,동구,동구 학동 768 
35.13081,126.93968,3,동구,동구 소태동 771-6
35.13086,126.92868,3,동구,동구 학동 859-1
35.13088,126.94412,3,동구,동구 용산동 636-132
35.13089,126.94418,2,동구,동구 운림동 693
35.1309,126.93524,2,동구,동구 학동 280
35.13091,126.9446,4,동구,동구 운림동 693
35.13099,126.86287,4,서구,서구 금호동 788
35.13101,126.92592,1,동구,동구 학동 898-4
35.13102,126.93332,4,동구,동구 학동 813-5
35.13103,126.8552,3,서구,서구 금호동 806
35.13112,126.85807,3,서구,서구 금호동 805
35.13117,126.93684,3,동구,동구 소태동 722-1
35.1312,126.85902,3,서구,서구 금호동 795-8
35.1312,126.92622,2,동구,동구 학동 898-16
35.1312,126.94817,3,동구,동구 운림동 440
35.13122,126.86017,3,서구,서구 금호동 789
35.13126,126.83132,3,서구,서구 벽진동 586-34
35.13136,126.83854,2,서구,서구 벽진동 241-3
35.13146,126.92906,1,동구,동구 학동 750-72
35.13159,126.9259,3,동구,동구 학동 1003-8
35.13164,126.93671,3,동구,동구 소태동 722-2
35.13171,126.86007,3,서구,서구 금호동 789
35.13185,126.93206,3,동구,동구 학동 731-25
35.13186,126.94456,3,동구,동구 운림동 661-7
35.13187,126.94255,3,동구,동구 운림동 664-2
35.13205,126.93812,2,동구,동구 소태동 766-1
35.13207,126.85514,4,서구,서구 금호동 250-24
35.1321,126.94408,3,동구,동구 운림동 669-8
35.13213,126.8536,3,서구,서구 금호동 281-1
35.13217,126.93661,4,동구,동구 운림동 948 
35.13218,126.85459,2,서구,서구 금호동 244-16
35.13221,126.93431,3,동구,동구 학동 728-3
35.13233,126.92665,2,동구,동구 학동 901-50
35.13234,126.85786,4,서구,서구 금호동 763-9
35.13255,126.93147,3,동구,동구 학동 734-4
35.13256,126.93203,3,동구,동구 학동 731-1
35.13258,126.85929,4,서구,서구 금호동 763-5
35.13261,126.85157,3,서구,서구 금호동 555
35.13266,126.93424,4,동구,동구 학동 727-2
35.13268,126.8543,4,서구,서구 금호동 244-16
35.13269,126.94303,2,동구,동구 운림동 656
35.13271,126.94358,1,동구,동구 운림동 656
35.13277,126.85504,3,서구,서구 금호동 244-16
35.13283,126.95813,3,동구,동구 운림동 987
35.13287,126.94597,3,동구,동구 운림동 475-4
35.13298,126.93245,3,동구,동구 학동 721
35.133,126.93859,1,동구,동구 운림동 615-2
35.13301,126.94758,2,동구,동구 운림동 482
35.13308,126.86041,2,서구,서구 금호동 771-1
35.13311,126.94696,4,동구,동구 운림동 482
35.13313,126.86007,2,서구,서구 금호동 771-1
35.13317,126.85681,3,서구,서구 금호동 756
35.13319,126.86814,2,서구,서구 풍암동 산165-1
35.13327,126.85431,2,서구,서구 금호동 715-7
35.1334,126.83169,2,서구,서구 벽진동 402-1
35.13342,126.8374,2,서구,서구 벽진동 173-1
35.13342,126.93692,3,동구,동구 학동 999-13
35.13357,126.93099,2,동구,동구 학동 676-43
35.13382,126.95571,2,동구,동구 운림동 969
35.13384,126.95318,2,동구,동구 운림동 340
35.13391,126.94151,4,동구,동구 운림동 650 
35.13394,126.88477,4,서구,서구 풍암동 1
35.13401,126.94334,3,동구,동구 운림동 583
35.1341,126.85493,1,서구,서구 금호동 297-3
35.1341,126.85859,4,서구,서구 금호동 762
35.13415,126.85516,3,서구,서구 금호동 297-3
35.13415,126.86116,2,서구,서구 금호동 768
35.13419,126.93287,3,동구,동구 학동 712-7
35.13426,126.85724,2,서구,서구 금호동 749-5
35.13426,126.85989,4,서구,서구 금호동 765-10 
35.13455,126.85736,1,서구,서구 금호동 749
35.13455,126.95355,2,동구,동구 운림동 344-3
35.13457,126.85516,3,서구,서구 금호동 341-8
35.13461,126.94277,4,동구,동구 운림동 571-4
35.13463,126.85719,1,서구,서구 금호동 749
35.13481,126.85493,2,서구,서구 금호동 산89-35
35.13483,126.95283,2,동구,동구 운림동 311
35.13486,126.86167,4,서구,서구 금호동 768
35.13511,126.85815,3,서구,서구 금호동 750-74
35.13516,126.87207,2,서구,서구 화정동 425-2
35.1352,126.939,2,동구,동구 학동 250-6
35.13521,126.89721,4,동구,동구 대의동 72
35.13531,126.85659,4,서구,서구 금호동 333-2
35.13545,126.86195,2,서구,서구 금호동 768
35.1355,126.86115,4,서구,서구 금호동 745
35.13557,126.8634,3,서구,서구 금호동 산29-1
35.13561,126.9424,2,동구,동구 운림동 568-4
35.1357,126.85494,2,서구,서구 금호동 341-44
35.13585,126.92683,1,동구,동구 학동 625
35.1359,126.87226,2,서구,서구 화정동 425-6
35.13593,126.92704,2,동구,동구 학동 625
35.13596,126.92648,2,동구,동구 학동 625
35.13597,126.92718,2,동구,동구 학동 625
35.13626,126.87779,3,서구,서구 화정동 407-8
35.13628,126.85714,2,서구,서구 금호동 328-1
35.13634,126.85495,3,서구,서구 금호동 산119
35.13648,126.8574,2,서구,서구 금호동 741-2
35.13707,126.87124,3,서구,서구 화정동 449-3
35.13713,126.85713,3,서구,서구 금호동 461-2
35.13719,126.92658,3,동구,동구 학동 595-36
35.13727,126.85534,2,서구,서구 금호동 산118
35.13728,126.86137,2,서구,서구 금호동 743-1
35.13734,126.8727,3,서구,서구 화정동 452-3 
35.13739,126.87164,2,서구,서구 화정동 929-2
35.13767,126.86118,2,서구,서구 금호동 743-1
35.13789,126.8607,4,서구,서구 금호동 742-1
35.1379,126.87502,3,서구,서구 화정동 888
35.13791,126.86296,2,서구,서구 금호동 409-15
35.13804,126.92494,3,동구,동구 학동 40-13
35.13809,126.92055,1,동구,동구 학동 81-12
35.13814,126.85397,2,서구,서구 금호동 475
35.13816,126.87298,2,서구,서구 화정동 877
35.1382,126.87217,4,서구,서구 화정동 929-1
35.13823,126.86252,3,서구,서구 금호동 746
35.13825,126.85468,3,서구,서구 금호동 산123
35.13848,126.85323,2,서구,서구 금호동 산129-1
35.13854,126.92139,2,동구,동구 학동 55-151
35.13861,126.87301,2,서구,서구 화정동 932-1
35.13887,126.85453,3,서구,서구 금호동 산124-3
35.13888,126.88043,2,서구,서구 화정동 1017
35.13898,126.92402,2,동구,동구 학동 28-2
35.13919,126.87367,2,서구,서구 화정동 474
35.13928,126.8733,2,서구,서구 화정동 474
35.1393,126.92252,2,동구,동구 학동 55
35.13932,126.83698,3,서구,서구 마륵동 383-5
35.13943,126.85411,4,서구,서구 마륵동 산22-8
35.13952,126.83418,2,서구,서구 벽진동 485-3 인근 정자 앞
35.1396,126.87959,2,서구,서구 화정동 400-4
35.13962,126.85934,3,서구,서구 금호동 733-11
35.13969,126.87311,2,서구,서구 화정동 474
35.13972,126.85881,4,서구,서구 금호동 744
35.1398,126.87643,1,서구,서구 화정동 857
35.1399,126.85544,2,서구,서구 금호동 산128-23
35.13998,126.884,3,서구,서구 화정동 산223-2
35.1401,126.85379,2,서구,서구 마륵동 97-90
35.14011,126.86998,3,서구,서구 화정동 927-1
35.1402,126.86016,3,서구,서구 금호동 736-20
35.14027,126.87338,1,서구,서구 화정동 927-2
35.14032,126.85459,2,서구,서구 금호동 446
35.14039,126.85258,2,서구,서구 마륵동 97-45
35.14039,126.87959,4,서구,서구 화정동 850
35.1404,126.92219,1,동구,동구 학동 8
35.14042,126.85754,1,서구,서구 금호동 721-1
35.14044,126.88073,3,서구,서구 화정동 1023
35.14046,126.87706,2,서구,서구 화정동 854
35.14048,126.91862,3,동구,동구 학동 95-8
35.1405,126.83538,2,서구,서구 마륵동 184-8
35.14066,126.85744,2,서구,서구 금호동 721-1
35.1407,126.92036,3,동구,동구 학동 69
35.14076,126.92523,2,동구,동구 학동 513
35.14078,126.8536,2,서구,서구 마륵동 산20-1
35.14082,126.85731,2,서구,서구 금호동 442-1
35.14082,126.88492,3,서구,서구 화정동 1081
35.14088,126.85957,4,서구,서구 쌍촌동 1254-8
35.14093,126.85558,4,서구,서구 금호동 444-35 
35.14099,126.85632,2,서구,서구 쌍촌동 905-19
35.14104,126.86112,3,서구,서구 금호동 735-9
35.14104,126.87878,4,서구,서구 화정동 850
35.14108,126.87183,3,서구,서구 화정동 932-1
35.14113,126.83017,3,서구,서구 마륵동 767
35.14115,126.87663,4,서구,서구 화정동 836-11
35.14116,126.87684,2,서구,서구 화정동 892
35.14127,126.86091,2,서구,서구 쌍촌동 1258-3
35.14134,126.87736,4,서구,서구 화정동 839-9
35.1415,126.8556,2,서구,서구 쌍촌동 897-37
35.1415,126.86714,2,서구,서구 화정동 502-3
35.14152,126.92435,3,동구,동구 학동 524-12
35.14157,126.88036,4,서구,서구 화정동 847-1
35.14172,126.85378,2,서구,서구 마륵동 산8-5
35.14173,126.87484,2,서구,서구 화정동 1713
35.14178,126.87818,2,서구,서구 화정동 874(841-6)
35.14179,126.88139,2,서구,서구 화정동 1163
35.14186,126.9248,2,동구,동구 학동 522-3
35.1419,126.87891,4,서구,서구 화정동 843
35.14194,126.91922,4,동구,동구 학동 138-4
35.14196,126.8747,2,서구,서구 화정동 1713
35.14201,126.87375,4,서구,서구 화정동 919-1
35.14201,126.88289,3,서구,서구 화정동 1232
35.14208,126.8589,3,서구,서구 쌍촌동 1249
35.14222,126.8655,3,서구,서구 화정동 512-4(909-9)
35.14226,126.85241,2,서구,서구 마륵동 97-23
35.14229,126.8533,3,서구,서구 마륵동 97-80
35.14234,126.87298,2,서구,서구 화정동 922-2
35.14234,126.87604,4,서구,서구 화정동 836-2
35.1425,126.91746,3,동구,동구 금동 146-6
35.1425,126.91793,3,동구,동구 금동 205-1
35.14258,126.87806,3,서구,서구 화정동 842-1
35.14259,126.85342,3,서구,서구 마륵동 97-77
35.14264,126.87243,2,서구,서구 화정동 914-1
35.14267,126.92086,3,동구,동구 남동 71-3
35.14269,126.9197,3,동구,동구 금동 168-4
35.1427,126.87454,3,서구,서구 화정동 918-6
35.1427,126.88238,4,서구,서구 화정동 1205
35.14271,126.85384,3,서구,서구 쌍촌동 산102-7
35.14278,126.87166,3,서구,서구 화정동 924-19
35.14282,126.85005,4,서구,서구 마륵동 30-5
35.14283,126.8592,4,서구,서구 쌍촌동 1249
35.14286,126.88441,2,서구,서구 화정동 1282
35.1429,126.85137,3,서구,서구 마륵동 82-3
35.14292,126.91849,3,동구,동구 금동 157-3
35.14294,126.83499,2,서구,서구 마륵동 179-3
35.14294,126.87754,2,서구,서구 화정동 832-1
35.14301,126.91716,2,동구,동구 금동 57-41
35.14306,126.92195,2,동구,동구 남동 69
35.1431,126.875,4,서구,서구 화정동 824-14
35.1431,126.92366,2,동구,동구 서석동 470-31
35.14311,126.88308,4,서구,서구 화정동 1249
35.14313,126.85966,3,서구,서구 쌍촌동 1249
35.14313,126.87584,3,서구,서구 화정동 825-11
35.14313,126.92496,2,동구,동구 서석동 466-16
35.14317,126.88663,3,서구,서구 화정동 1632
35.14318,126.85673,3,서구,서구 쌍촌동 1241-1
35.14323,126.8805,3,서구,서구 화정동 831-8
35.14336,126.87701,4,서구,서구 화정동 818-10
35.14338,126.87136,2,서구,서구 화정동 911
35.14338,126.92286,3,동구,동구 남동 70-9
35.1434,126.88181,4,서구,서구 화정동 893
35.1434,126.9204,2,동구,동구 남동 111
35.14342,126.87633,2,서구,서구 화정동 891
35.14343,126.91778,3,동구,동구 금동 97-1
35.14343,126.91936,4,동구,동구 남동 141-3
35.14346,126.87502,2,서구,서구 화정동 822-18
35.14349,126.86588,3,서구,서구 화정동 906-2
35.14349,126.86628,4,서구,서구 화정동 904-1
35.1435,126.91972,3,동구,동구 남동 134-4
35.14358,126.85886,2,서구,서구 쌍촌동 1246-2
35.14358,126.8646,4,서구,서구 화정동 905-15
35.14361,126.87911,3,서구,서구 화정동 827-12
35.14363,126.91596,3,동구,동구 금동 51-4
35.14371,126.87172,2,서구,서구 화정동 804-5
35.14385,126.9199,1,동구,동구 남동 164
35.14386,126.84482,4,서구,서구 마륵동 167-10
35.14387,126.92417,3,동구,동구 서석동 469-3
35.14389,126.86726,2,서구,서구 화정동 903-1
35.1439,126.86929,2,서구,서구 쌍촌동 1233-11
35.14395,126.85886,3,서구,서구 쌍촌동 1246-9
35.14399,126.85617,4,서구,서구 쌍촌동 943-4
35.14401,126.8656,3,서구,서구 쌍촌동 432-62
35.14401,126.86681,4,서구,서구 화정동 904-1
35.14404,126.91754,2,동구,동구 금동 18-1
35.14404,126.92296,4,동구,동구 서석동 101
35.14411,126.87273,2,서구,서구 화정동 806-12
35.14416,126.88438,2,서구,서구 화정동 1325
35.14418,126.91565,3,동구,동구 불로동 157-1
35.14423,126.84122,4,서구,서구 치평동 1294-2
35.14435,126.8497,4,서구,서구 마륵동 117
35.14435,126.87604,3,서구,서구 화정동 820-1
35.14435,126.92043,3,동구,동구 남동 47-4
35.14437,126.87242,2,서구,서구 화정동 802
35.14438,126.88565,2,서구,서구 화정동 938
35.14454,126.87752,2,서구,서구 화정동 811-8
35.14455,126.91899,4,동구,동구 남동 167-6
35.14458,126.85286,2,서구,서구 쌍촌동 산104-11
35.14465,126.8783,2,서구,서구 화정동 812-7
35.14465,126.88546,2,서구,서구 화정동 937
35.14468,126.92131,4,동구,동구 남동 59
35.14471,126.88376,4,서구,서구 화정동 1325
35.14476,126.83684,4,서구,서구 마륵동 556-4
35.14476,126.8411,2,서구,서구 치평동 1280-1
35.14476,126.88507,2,서구,서구 화정동 1621
35.14483,126.87203,3,서구,서구 화정동 799-6
35.14493,126.9294,3,동구,동구 지산동 507-23 
35.14494,126.91671,3,동구,동구 불로동 135
35.14497,126.91952,4,동구,동구 광산동 113
35.14507,126.86405,4,서구,서구 쌍촌동 1217-11
35.14509,126.8628,3,서구,서구 쌍촌동 1239-7
35.14514,126.86099,2,서구,서구 쌍촌동 1236-1
35.14514,126.92434,3,동구,동구 서석동 26-7
35.14515,126.84015,4,서구,서구 치평동 1159-2
35.14516,126.8596,3,서구,서구 쌍촌동 472
35.14518,126.87063,2,서구,서구 쌍촌동 1228-4
35.14519,126.86595,3,서구,서구 쌍촌동 1225-8
35.14524,126.91732,3,동구,동구 광산동 62
35.14526,126.88127,3,서구,서구 화정동 647-15
35.14526,126.91777,3,동구,동구 금동 5
35.14528,126.87319,4,서구,서구 화정동 898
35.14531,126.86063,4,서구,서구 쌍촌동 479-12
35.14532,126.9168,3,동구,동구 불로동 121
35.14536,126.92612,2,동구,동구 서석동 6-11
35.14538,126.84903,4,서구,서구 마륵동 162-65
35.14543,126.88559,4,서구,서구 화정동 1548
35.14545,126.87694,4,서구,서구 화정동 367-50
35.14557,126.91862,3,동구,동구 광산동 57-3
35.14562,126.85292,4,서구,서구 치평동 산22-16
35.14566,126.92589,3,동구,동구 서석동 7-18
35.14579,126.874,1,북구,북구 각화동 100
35.14582,126.86323,2,서구,서구 쌍촌동 1213
35.1459,126.87419,4,서구,서구 화정동 898
35.14594,126.87294,2,서구,서구 화정동 898
35.14601,126.91685,2,동구,동구 황금동 87-3
35.14602,126.91688,2,동구,동구 불로동 92-5
35.14604,126.84302,4,서구,서구 치평동 1277
35.14607,126.92958,1,동구,동구 지산동 480
35.14608,126.86349,2,서구,서구 쌍촌동 1213
35.14615,126.9396,4,동구,동구 지산동 170-29
35.14628,126.86504,4,서구,서구 쌍촌동 1221-5
35.14628,126.91258,2,동구,동구 불로동 200
35.14628,126.91895,3,동구,동구 광산동 113
35.14629,126.85507,3,서구,서구 쌍촌동 927-73
35.14631,126.87761,3,서구,서구 화정동 367-22
35.14633,126.9244,2,동구,동구 서석동 17-6
35.1464,126.8616,3,서구,서구 쌍촌동 523
35.14647,126.84553,4,서구,서구 치평동 1324-1
35.14654,126.87303,3,서구,서구 화정동 334-211
35.14656,126.8434,3,서구,서구 치평동 1174-1
35.14656,126.91369,3,동구,동구 불로동 33-3
35.14656,126.92832,5,동구,동구 지산동 518-21
35.14657,126.86038,3,서구,서구 쌍촌동 547-18
35.14664,126.86725,2,서구,서구 쌍촌동 1205
35.14671,126.8752,5,서구,서구 화정동 365-7
35.14672,126.87361,3,서구,서구 화정동 334-142
35.14673,126.85515,2,서구,서구 쌍촌동 869-9
35.14688,126.91871,1,동구,동구 충장로1가 9-9
35.14691,126.85781,4,서구,서구 쌍촌동 875-7
35.14694,126.86699,1,서구,서구 쌍촌동 1205
35.14694,126.87216,4,서구,서구 화정동 899
35.14699,126.8773,3,서구,서구 화정동 368-62
35.14702,126.86241,4,서구,서구 쌍촌동 1192-13
35.14702,126.9132,3,동구,동구 호남동 40-3
35.14704,126.932,4,동구,동구 지산동 461-7
35.14704,126.93725,2,동구,동구 지산동 195-5
35.14706,126.85321,3,서구,서구 치평동 241-18
35.14707,126.86696,2,서구,서구 쌍촌동 1205
35.14708,126.92337,2,동구,동구 서석동 41-12
35.14714,126.88363,4,서구,서구 화정동 730-5
35.14719,126.87498,4,서구,광주광역시 서구 화정동 368-214
35.14719,126.91199,1,동구,동구 호남동 39-1
35.14722,126.87271,3,서구,서구 화정동 332-9
35.14724,126.8474,1,서구,서구 치평동 1326
35.14725,126.86693,3,서구,서구 쌍촌동 1204
35.14726,126.92978,3,동구,동구 지산동 466-21
35.14726,126.93508,2,동구,동구 지산동 185-11 앞
35.14727,126.92468,4,동구,동구 서석동 14-1
35.14732,126.91485,4,동구,동구 황금동 19-1
35.14733,126.86413,2,서구,서구 쌍촌동 1211-1
35.14735,126.85632,2,서구,서구 쌍촌동 869-9
35.14736,126.92376,2,동구,동구 서석동 132
35.14736,126.92646,3,동구,동구 동명동 140-13
35.14742,126.91673,2,동구,동구 황금동 56-1
35.14743,126.91835,3,동구,동구 금남로1가 19-16
35.14744,126.93824,3,동구,동구 지산동 198-13
35.14748,126.86574,4,서구,서구 쌍촌동 1208-2
35.14749,126.87165,2,서구,서구 쌍촌동 452-28
35.1475,126.93402,2,동구,동구 지산동 457-3
35.14757,126.86182,4,서구,서구 쌍촌동 531-1
35.14759,126.91718,4,동구,동구 충장로2가 16
35.1476,126.8609,2,서구,서구 쌍촌동 531-6
35.14766,126.87631,2,서구,서구 화정동 318-55
35.1477,126.91426,3,동구,동구 선교동 7-2
35.14772,126.92669,3,동구,동구 동명동 142-60
35.14778,126.86115,3,서구,서구  쌍촌동 531-5
35.14779,126.91895,4,동구,동구 금남로1가 41
35.1478,126.93494,3,동구,동구 지산동 232-46
35.14787,126.91126,3,동구,동구 호남동 82
35.14788,126.93655,2,동구,동구 지산동 691-8
35.14789,126.93448,2,동구,동구 지산동 232-46
35.14792,126.8614,3,서구,서구  쌍촌동 531-5
35.14794,126.93803,2,동구,동구 지산동 223-1
35.14798,126.87276,2,서구,서구 화정동 328-38
35.14801,126.85758,4,서구,서구 쌍촌동 976-12
35.14803,126.91282,2,동구,동구 호남동 39-1
35.14808,126.85832,4,서구,서구 쌍촌동 979-11
35.14809,126.88537,4,서구,서구 농성동 666-1
35.14809,126.91849,2,동구,동구 금남로1가 19-4
35.14813,126.88723,3,서구,서구 농성동 669-3
35.14813,126.93343,2,동구,동구 지산동 452-5
35.14813,126.98739,2,북구,북구 금곡동 848-1
35.14819,126.84384,2,서구,서구 치평동 1171-7
35.1482,126.84854,2,서구,서구 치평동 1254-5
35.1482,126.92993,3,동구,동구 동명동 113-40
35.14826,126.9645,1,북구,북구 금곡동 산1-4
35.1483,126.91106,4,동구,동구 호남동 15-2
35.14834,126.91803,3,동구,동구 금남로2가 20-2
35.14835,126.92643,2,동구,동구 동명동 143-38
35.14836,126.88006,2,서구,서구 화정동 760-10
35.14839,126.93802,3,동구,동구 지산동 224-1
35.14844,126.91352,3,동구,동구 황금동 5-7
35.14845,126.86323,2,서구,서구 쌍촌동 991-23
35.14852,126.86572,3,서구,서구 쌍촌동 993-1
35.14852,126.93962,2,동구,동구 지산동 293-1
35.14855,126.88908,4,서구,서구 농성동 637-31
35.14856,126.91348,3,동구,동구 충장로4가 29-2
35.14857,126.93889,2,동구,동구 지산동 281-2
35.1486,126.87825,2,서구,서구 화정동 756-1
35.14861,126.93421,2,동구,동구 지산동 429-7
35.14861,126.93514,4,동구,동구 지산동 231-2
35.14866,126.91764,2,동구,동구 금남로2가 22-5
35.14866,126.93279,2,동구,동구 지산동 447-2
35.14867,126.88534,4,서구,서구 농성동 664-48
35.14869,126.86465,3,서구,서구 쌍촌동 1197-1
35.14869,126.9111,3,동구,동구 수기동 92
35.1487,126.84358,4,서구,서구 치평동 1171-7
35.14872,126.85902,4,서구,서구 쌍촌동 979-43
35.14875,126.8628,4,서구,서구 쌍촌동 991-24
35.14877,126.8764,3,서구,서구 화정동 319-34
35.14881,126.87197,4,서구,서구 화정동 328-38 
35.14883,126.92332,4,동구,동구 장동 99
35.14883,126.92506,3,동구,동구 동명동 23-16
35.14885,126.91748,2,동구,동구 금남로2가 7-1
35.14888,126.9125,1,동구,동구 충장로4가 29-2
35.14895,126.86177,2,서구,서구 쌍촌동 564-78
35.14896,126.87513,3,서구,서구 화정동 325
35.14896,126.88032,2,서구,서구 화정동 760-1
35.14897,126.85729,4,서구,서구 쌍촌동 976-1
35.14897,126.92236,2,동구,동구 장동 89-2
35.14898,126.914,2,동구,동구 충장로3가 32-4
35.14902,126.88748,4,서구,서구 농성동 670-1
35.14903,126.92804,2,동구,동구 동명동 83-1
35.14905,126.87408,3,서구,서구 화정동 325
35.14908,126.93182,3,동구,동구 지산동 441-2
35.14909,126.86095,3,서구,서구 쌍촌동 1005-41
35.14911,126.84062,3,서구,서구 치평동 1161-6
35.14911,126.92677,4,동구,동구 동명동 78-1
35.14923,126.91432,3,동구,동구 충장로3가 31-7
35.14923,126.93061,4,동구,동구 지산동 413-1
35.14925,126.87204,3,서구,서구 화정동 749-1
35.14926,126.93882,3,동구,동구 지산동 271-3
35.14928,126.91682,4,동구,동구 금남로3가 3-5
35.1493,126.93701,3,동구,동구 지산동 250-16
35.14933,126.9119,4,동구,동구 수기동 68-1
35.14935,126.9377,4,동구,동구 지산동 258-7
35.14937,126.93517,1,동구,동구 지산동 342-1
35.14942,126.91644,2,동구,동구 금남로3가 9-2
35.14942,126.92829,3,동구,동구 동명동 80-15
35.14946,126.91445,4,동구,동구 충장로4가 23-1
35.14947,126.91003,4,동구,동구 수기동 99-4
35.14952,126.88527,4,서구,서구 농성동 664-9
35.14954,126.84414,2,서구,서구 치평동 1171-9
35.14959,126.91904,3,동구,동구 궁동 38-12
35.1496,126.86122,2,서구,서구 쌍촌동 984-52
35.14961,126.86478,3,서구,서구 쌍촌동 989-51
35.14964,126.9031,2,서구,서구 양동 36-17
35.14966,126.91524,2,동구,동구 금남로3가 20-2
35.14966,126.9284,2,동구,동구 동명동 36-7
35.14968,126.91431,3,동구,동구 충장로4가 11-2
35.14969,126.91552,2,동구,동구 금남로3가 20-2
35.14969,126.93806,3,동구,동구 지산동 312-8
35.14976,126.8665,4,서구,서구 쌍촌동 993-1
35.14979,126.84356,2,서구,서구 치평동 1171-9
35.14979,126.85315,3,서구,서구 치평동 1247-3
35.14982,126.87953,3,서구,서구 화정동 765-45
35.14982,126.92635,4,동구,동구 동명동 68-8
35.14986,126.87155,2,서구,서구 쌍촌동 999-2
35.14987,126.93638,3,동구,동구 지산동 708-3
35.1499,126.87262,3,서구,서구 화정동 748-1
35.14991,126.87651,3,서구,서구 화정동 702-4
35.14992,126.89054,3,서구,서구 농성동 636-25
35.14996,126.86655,2,서구,서구 쌍촌동 993-1
35.14996,126.88624,4,서구,서구 농성동 661-15
35.15001,126.91572,3,동구,동구 금남로3가 1-11
35.15003,126.90562,8,서구,서구 양동 77-1
35.15008,126.86411,3,서구,서구 쌍촌동 988
35.15008,126.88037,3,서구,서구 화정동 771-60
35.15008,126.88204,4,서구,서구 화정동 733-1
35.15009,126.90676,4,서구,서구 양동 93-1
35.15013,126.92862,2,동구,동구 지산동 677-3
35.15013,126.93097,3,동구,동구 지산동 716-49
35.15017,126.86071,3,서구,서구 쌍촌동 985-27
35.15018,126.91534,4,동구,동구 금남로4가 75-9
35.15019,126.9109,3,동구,동구 수기동 28
35.15024,126.9231,4,동구,동구 장동 58-85
35.15029,126.85864,4,서구,서구 쌍촌동 1006-18
35.15029,126.92693,3,동구,동구 동명동 68-45
35.15032,126.91307,2,동구,동구 충장로4가 51
35.15033,126.85019,4,서구,서구 치평동 1255
35.15033,126.85146,4,서구,서구 치평동 1248
35.15033,126.85296,1,서구,서구 치평동 1261-2
35.15036,126.93796,3,동구,동구 지산동 315-59
35.15042,126.87366,3,서구,서구 화정동 325
35.15045,126.86573,3,서구,서구 쌍촌동 993-1
35.15045,126.90256,3,서구,서구 양동 35-4
35.15045,126.91818,5,동구,동구 궁동 61-4
35.15046,126.92192,3,동구,동구 장동 56
35.15047,126.84754,2,서구,서구 치평동 1180
35.15047,126.91298,2,동구,동구 충장로5가 46-4
35.1505,126.87802,4,서구,서구 화정동 767-37
35.1506,126.92795,3,동구,동구 동명동 154-158
35.15061,126.87392,3,서구,서구 화정동 325
35.15061,126.91484,2,동구,동구 금남로4가 21-10
35.15061,126.92465,4,동구,동구 동명동 154-26
35.15064,126.88494,2,서구,서구 농성동 653-24
35.15068,126.9331,4,동구,동구 지산동 715-1
35.1507,126.87878,3,서구,서구 화정동 765-40
35.15076,126.8815,4,서구,서구 농성동 671-37
35.15076,126.90325,3,서구,서구 양동 38-18
35.15079,126.91239,3,동구,동구 충장로5가 53-3
35.15081,126.90876,3,동구,동구 수기동 21-3 
35.15083,126.91855,3,동구,동구 궁동 34-1
35.15084,126.92342,3,동구,동구 동명동 200-169
35.15088,126.91554,2,동구,동구 금남로4가 21-15
35.15098,126.88784,4,서구,서구 농성동 643-14
35.15099,126.87962,4,서구,서구 화정동 765-20
35.15101,126.87184,3,서구,서구 화정동 750-21
35.15109,126.91355,2,동구,동구 충장로5가 39
35.15113,126.91197,2,동구,동구 충장로5가 58-3
35.1512,126.92212,4,동구,동구 장동 51-45
35.15121,126.90214,3,서구,서구 양동 25-16
35.15122,126.93338,4,동구,동구 지산동 342-61
35.15128,126.85863,4,서구,서구 쌍촌동 968-5
35.15129,126.8829,2,서구,서구 농성동 651-30
35.1513,126.91621,2,동구,동구 금남로4가 45-2
35.15132,126.93766,2,동구,동구 지산동 315-9
35.15134,126.91841,4,동구,동구 궁동 6-2
35.15134,126.93678,3,동구,동구 지산동 705-32
35.15135,126.90958,4,동구,동구 수기동 42-8
35.15141,126.84852,4,서구,서구 치평동 1251-5
35.15144,126.88077,4,서구,서구 농성동 674-17
35.1515,126.8567,4,서구,서구 쌍촌동 969-9
35.15153,126.92913,3,동구,동구 지산동 722-32
35.15157,126.9358,3,동구,동구 지산동 342-114
35.15158,126.90804,1,동구,동구 수기동 16-3 
35.1516,126.86049,3,서구,서구 쌍촌동 967
35.15161,126.88672,2,서구,서구 농성동 646-51
35.15163,126.93158,3,동구,동구 지산동 719-29
35.15167,126.89292,3,서구,서구 농성동 623-5
35.15168,126.93395,3,동구,동구 지산동 342-40 
35.15172,126.87739,3,서구,서구 화정동 768-13
35.15175,126.85488,1,서구,서구 치평동 1242
35.15178,126.837,2,서구,서구 치평동 889-4
35.15178,126.88183,4,서구,서구 농성동 649-21
35.15183,126.85143,4,서구,서구 치평동 1238-1
35.15184,126.93638,3,동구,동구 지산동 705-1
35.1519,126.87868,4,서구,서구 화정동 770-7
35.15194,126.88722,3,서구,서구 농성동 646-46
35.15195,126.91792,2,동구,동구 궁동 1-1
35.15196,126.92691,2,동구,동구 지산동 680-19
35.15202,126.86148,4,서구,서구 쌍촌동 600번지
35.15203,126.92306,4,동구,동구 동명동 200-153
35.15206,126.93311,3,동구,동구 지산동 712-29
35.15208,126.92671,2,동구,동구 지산동 680-5
35.15211,126.88425,2,서구,서구 농성동 651-53
35.15212,126.86429,4,서구,서구 쌍촌동 964-47
35.15213,126.93244,3,동구,동구 지산동 713-1
35.15217,126.86655,4,서구,서구 쌍촌동 955-14
35.1522,126.8785,2,서구,서구 화정동 768-1
35.1522,126.93174,4,동구,동구 산수동 521-19
35.15221,126.92034,4,동구,동구 동명동 231
35.15221,126.92214,3,동구,동구 동명동 228-46
35.15223,126.9036,1,서구,서구 양동 5-204 
35.15224,126.84177,3,서구,서구 치평동 1162
35.15227,126.88767,4,서구,서구 농성동 645-36
35.15227,126.91048,4,동구,동구 충장로5가 11-3
35.15228,126.87053,2,서구,서구 내방동 836-20
35.15228,126.92125,2,동구,동구 동명동 228-65
35.15234,126.91307,2,동구,동구 금남로5가 94-4
35.15237,126.90112,2,서구,서구 양동 247-3
35.15238,126.8537,2,서구,서구 치평동 1240-4
35.15242,126.89298,2,서구,서구 농성동 121-5
35.15244,126.89992,3,서구,서구 양동 252-11
35.15247,126.84607,2,서구,서구 치평동 1168-6
35.15254,126.9241,4,동구,동구 동명동 200-22
35.15255,126.91586,4,동구,동구 대인동 55
35.15256,126.90156,2,서구,서구 양동 245-18
35.15259,126.86418,3,서구,서구 쌍촌동 963-4
35.15259,126.87406,3,서구,서구 화정동 740-63
35.15259,126.90528,3,서구,서구 양동 60-37
35.1526,126.8329,3,서구,서구 치평동 871-2
35.1526,126.92575,3,동구,동구 동명동 181-5
35.1526,126.93021,4,동구,동구 지산동 720-2
35.15267,126.87599,3,서구,서구 화정동 742-21
35.15268,126.84681,4,서구,서구 치평동 1168-6
35.1527,126.84077,2,서구,서구 치평동 1162
35.1527,126.89488,3,서구,서구 농성동 621-22
35.15274,126.8677,4,서구,서구 쌍촌동 949-10
35.15275,126.92662,4,동구,동구 지산동 675-35
35.1528,126.85734,3,서구,서구 쌍촌동 1268
35.15281,126.89216,3,서구,서구 농성동 108 앞
35.15282,126.8743,3,서구,서구 화정동 740-17
35.15282,126.89671,2,서구,서구 양동 282-2
35.15284,126.85779,4,서구,서구 쌍촌동 1268
35.15284,126.88593,4,서구,서구 농성동 671-2
35.15287,126.8701,3,서구,서구 내방동 842-15
35.15288,126.87276,3,서구,서구 내방동 839-7
35.15289,126.85167,3,서구,서구 치평동 1231-5
35.1529,126.85017,4,서구,서구 치평동 1237
35.1529,126.91466,2,동구,동구 대인동 90-2
35.15292,126.84745,3,서구,서구 치평동 1183
35.15292,126.90035,3,서구,서구 양동 263-31 인근
35.15293,126.85305,4,서구,서구 치평동 1240-10
35.15294,126.87848,3,서구,서구 화정동 784-1
35.15295,126.85411,3,서구,서구 치평동 1240
35.15295,126.91265,4,동구,동구 금남로5가 77-7
35.15297,126.92241,4,동구,동구 동명동 200-31
35.15298,126.92554,3,동구,동구 산수동 363-30
35.15306,126.88602,3,서구,서구 농성동 645-47
35.15308,126.87535,3,서구,서구 화정동 740-35
35.15313,126.87226,2,서구,서구 내방동 837
35.15313,126.89384,3,서구,서구 농성동 100-5
35.15316,126.84667,3,서구,서구 치평동 1168-3
35.15316,126.89254,3,서구,서구 농성동 105-1 앞
35.15317,126.8979,3,서구,서구 양동 285-7
35.15317,126.9162,1,동구,동구 대인동 49-5
35.15317,126.92751,2,동구,동구 지산동 671
35.15317,126.93311,4,동구,동구 산수동 517-26
35.15321,126.92319,3,동구,동구 동명동 207-78
35.15321,126.9271,3,동구,동구 산수동 358-21
35.15323,126.89183,3,서구,서구 농성동 73-1
35.15329,126.92188,4,동구,동구 동명동 207-32
35.15331,126.85868,3,서구,서구 쌍촌동 1397
35.15334,126.84318,2,서구,서구 치평동 1168
35.15334,126.87338,3,서구,서구 내방동 838-1
35.15336,126.92213,2,동구,동구 동명동 209-7
35.15337,126.88009,4,서구,서구 화정동 791
35.15339,126.92037,4,동구,동구 동명동 236
35.15342,126.89881,2,서구,서구 양동 295
35.15343,126.9038,2,서구,서구 양동 5-101
35.15343,126.93224,4,동구,동구 산수동 520-24
35.15347,126.92945,3,동구,동구 산수동 715
35.15353,126.9355,4,동구,동구 산수동 514-26
35.15366,126.89137,4,서구,서구 농성동 67-3
35.15367,126.86512,3,서구,서구 쌍촌동 362-7
35.15369,126.92112,3,동구,동구 동명동 249-10
35.1537,126.86644,5,서구,서구 쌍촌동 1370-6
35.1537,126.92698,4,동구,동구 산수동 359-9
35.15372,126.876,3,서구,서구 화정동 741-7
35.15373,126.86756,3,서구,서구 쌍촌동 333-10
35.15376,126.89458,2,서구,서구 농성동 95-20
35.15376,126.90802,3,북구,북구 누문동 100-1
35.15377,126.8688,3,서구,서구 쌍촌동 951-19
35.15377,126.87014,3,서구,서구 내방동 842-1
35.15378,126.85316,4,서구,서구 치평동 1228-1
35.15378,126.91316,3,동구,동구 대인동 16-1
35.15379,126.90544,3,북구,북구 누문동 144-35
35.15383,126.88467,3,서구,서구 농성동 481-32
35.15385,126.92638,3,동구,동구 산수동 361-1
35.15386,126.88186,3,서구,서구 화정동 1709
35.15387,126.88888,2,서구,서구 농성동 311-37
35.15388,126.9308,3,동구,동구 산수동 556-4
35.15392,126.91245,4,북구,북구 문흥동 1011-6
35.15393,126.85025,4,서구,서구 치평동 1218-3
35.15393,126.9125,4,동구,동구 대인동 15-6
35.15393,126.92328,3,동구,동구 산수동 495-18
35.15396,126.86006,4,서구,서구 쌍촌동 1302-2번지
35.15397,126.85411,4,서구,서구 치평동 1223-2
35.15397,126.89112,2,서구,서구 농성동 324-8
35.15398,126.92152,4,동구,동구 동명동 251-7
35.15399,126.87958,3,서구,서구 화정동 791-1
35.15402,126.89296,3,서구,서구 농성동 76-80
35.15402,126.92935,3,동구,동구 산수동 557-11
35.15404,126.89789,4,서구,서구 양동 295
35.15406,126.85965,4,서구,서구 쌍촌동 1302-2번지
35.15408,126.89242,2,서구,서구 농성동 80-48
35.15408,126.91509,4,동구,동구 대인동 324-11
35.1541,126.88833,3,서구,서구 농성동 260-7
35.15412,126.93291,3,동구,동구 산수동 523-32
35.15418,126.9413,2,동구,동구 산수동 5-5
35.1542,126.93358,3,동구,동구 산수동 516-5
35.15422,126.93005,3,동구,동구 산수동 557-38
35.15424,126.85958,3,서구,서구 쌍촌동 1308-2
35.15426,126.89962,2,서구,서구 양동 302-41
35.15428,126.86712,4,서구,서구 쌍촌동 331-38
35.1543,126.8914,3,서구,서구 농성동 67 앞
35.15434,126.93711,3,동구,동구 산수동 23-5
35.15438,126.9281,2,동구,동구 산수동 401-58
35.15439,126.90115,2,서구,서구 양동 304-3
35.15445,126.91922,4,동구,동구 계림동 350
35.1545,126.84228,3,서구,서구 치평동 1162
35.15452,126.85804,3,서구,서구 쌍촌동 1268
35.15452,126.86451,4,서구,서구 쌍촌동 362-7
35.15454,126.92429,2,동구,동구 산수동 371-19
35.15455,126.87678,4,서구,서구 화정동 789-6
35.15456,126.85159,3,서구,서구 치평동 1204
35.15458,126.87743,4,서구,서구 화정동 788-6
35.15459,126.91505,3,동구,동구 대인동 323-7
35.15463,126.87472,3,서구,서구 내방동 313-6
35.15465,126.92385,3,동구,동구 산수동 371-28
35.15468,126.90203,4,서구,서구 양동 5-101
35.15468,126.93607,3,동구,동구 산수동 512-3
35.1547,126.92694,3,동구,동구 산수동 392-2
35.15472,126.92847,2,동구,동구 산수동 401-58
35.15474,126.8718,3,서구,서구 내방동 849
35.15476,126.9034,2,북구,북구 누문동 316-22
35.15477,126.89864,2,서구,서구 양동 320-15
35.15479,126.88509,2,서구,서구 농성동 706
35.15481,126.89397,4,서구,서구 농성동 63-1
35.15482,126.87087,4,서구,서구 내방동 385-7
35.15482,126.90651,4,북구,북구 누문동 144-5
35.15482,126.92932,2,동구,동구 산수동 401-1
35.15487,126.88056,2,서구,서구 화정동 178-88
35.15487,126.92774,2,동구,동구 산수동 401-8
35.15488,126.86402,3,서구,서구 쌍촌동 1366-5
35.15489,126.8992,3,서구,서구 양동 319-17
35.15489,126.91614,2,동구,동구 대인동 323-14
35.15491,126.92317,2,동구,동구 산수동 490-7
35.15493,126.92946,2,동구,동구 산수동 554-28
35.15494,126.92273,3,동구,동구 산수동 487-21
35.15496,126.91856,4,동구,동구 계림동 306-2
35.15496,126.93278,4,동구,동구 산수동 523-44
35.15502,126.86555,3,서구,서구 쌍촌동 337-30
35.15504,126.93464,3,동구,동구 산수동 510-24
35.15505,126.91364,4,동구,동구 대인동 321-32
35.15507,126.93204,2,동구,동구 산수동 539-20
35.15509,126.93634,2,동구,동구 산수동 511-61
35.15511,126.85122,3,서구,서구 치평동 1204
35.15512,126.84923,4,서구,서구 치평동 1213-4
35.15513,126.89493,4,서구,서구 농성동 1-22
35.15517,126.89156,3,서구,서구 농성동 32
35.15517,126.93779,3,동구,동구 산수동 86-2
35.15519,126.85202,3,서구,서구 치평동 1204
35.15521,126.89699,2,서구,서구 양동 385-31
35.15523,126.84742,3,서구,서구 치평동 1166-11
35.15523,126.85286,4,서구,서구 치평동 1208-10
35.15523,126.93369,2,동구,동구 산수동 524-29
35.15529,126.93565,3,동구,동구 산수동 511-45
35.1553,126.88923,5,서구,서구 농성동 365-24
35.15531,126.85172,3,서구,서구 치평동 1204
35.15531,126.86354,3,서구,서구 쌍촌동 1365-1
35.15531,126.92122,3,동구,동구 계림동 234-20
35.15535,126.84466,2,서구,서구 치평동 1166-6
35.15535,126.89069,4,서구,서구 농성동 32-21
35.15535,126.89769,4,서구,서구 양동 324
35.15542,126.92769,3,동구,동구 산수동 401-123
35.15543,126.87703,4,서구,서구 화정동 71-35
35.15544,126.90016,2,서구,서구 양동 335-3
35.15545,126.92896,2,동구,동구 산수동 404-4
35.15547,126.88433,3,서구,서구 농성동 393-35
35.15548,126.85978,3,서구,서구 쌍촌동 1295-10
35.1555,126.86156,4,서구,서구 쌍촌동 1287
35.1555,126.86422,4,서구,서구 쌍촌동 1376-11
35.15551,126.84124,4,서구,서구 치평동 1163-2
35.15551,126.89898,3,서구,서구 양동 330-25
35.15554,126.91216,3,북구,북구 북동 25-18
35.15554,126.91514,2,동구,동구 대인동 315-28
35.15557,126.90126,3,서구,서구 양동 346
35.15557,126.90393,4,북구,북구 유동 55-11
35.15561,126.91937,3,동구,동구 계림동 297-50
35.15563,126.89589,4,서구,서구 양동 391-43
35.15564,126.865,3,서구,서구 쌍촌동 1374-4
35.15564,126.91432,2,동구,동구 대인동 316-10
35.15565,126.90971,3,북구,북구 북동 58-7
35.15565,126.92352,3,동구,동구 산수동 483-8
35.15568,126.91366,3,동구,동구 대인동 319-10
35.15568,126.93308,2,동구,동구 산수동 527-29
35.1557,126.92963,3,동구,동구 산수동 554-1
35.15573,126.92253,3,동구,동구 계림동 227
35.15577,126.9377,4,동구,동구 산수동 86-2
35.15578,126.93632,3,동구,동구 산수동 62-12
35.15581,126.8774,4,서구,서구 화정동 71-3
35.15584,126.92836,4,동구,동구 산수동 552-18
35.1559,126.84482,4,서구,서구 치평동 1166-6
35.1559,126.91323,2,동구,동구 대인동 321-11
35.15591,126.8662,5,서구,서구 쌍촌동 171-74
35.15591,126.93635,5,동구,동구 산수동 509-66
35.15593,126.86241,2,서구,서구 쌍촌동 1288-2
35.15596,126.91475,1,동구,동구 계림동 1827
35.15602,126.8626,4,서구,서구 쌍촌동 1290-7
35.15602,126.92644,3,동구,동구 산수동 426-12
35.15604,126.85542,3,서구,서구 쌍촌동 1268
35.15605,126.85466,4,서구,서구 치평동 1225
35.15607,126.93246,2,동구,동구 산수동 539-5
35.15607,126.93425,4,동구,동구 산수동 527-7
35.15608,126.84541,2,서구,서구 치평동 1166-6
35.15609,126.87811,2,서구,서구 화정동 71-86
35.1561,126.87876,3,서구,서구 화정동 107
35.1561,126.90655,2,북구,북구 북동 102
35.15613,126.89042,4,서구,서구 농성동 330-54
35.15615,126.89214,3,서구,서구 농성동 30-6
35.15616,126.85971,3,서구,서구 쌍촌동 1295-7
35.15618,126.87477,3,서구,서구 내방동 309-2
35.15618,126.93185,1,동구,동구 산수동 539-28
35.15619,126.89706,4,서구,서구 양동 381-44
35.15623,126.84061,3,서구,서구 치평동 1163-2
35.15624,126.87161,2,서구,서구 내방동 503-36
35.15624,126.91934,2,동구,동구 계림동 295-19
35.15625,126.92358,3,동구,동구 계림동 215-5
35.15628,126.92766,2,동구,동구 산수동 407-10
35.1563,126.84128,3,서구,서구 치평동 1163-2
35.15631,126.93545,3,동구,동구 산수동 528-32
35.15636,126.88736,4,서구,서구 농성동 398-15
35.15637,126.90853,4,북구,북구 북동 92-41
35.15638,126.85745,3,서구,서구 쌍촌동 1268
35.15648,126.85786,3,서구,서구 쌍촌동 1268
35.15649,126.86823,3,서구,서구 쌍촌동 244
35.15652,126.88871,2,서구,서구 농성동 357-2
35.15658,126.9379,3,동구,동구 산수동 95-3
35.15659,126.91802,4,동구,동구 계림동 486-9
35.15666,126.9081,3,북구,북구 북동 94-11
35.15672,126.8584,3,서구,서구 쌍촌동 1268
35.15673,126.87758,3,서구,서구 화정동 73-28
35.15674,126.91989,4,동구,동구 계림동 278-3
35.15677,126.86317,3,서구,서구 쌍촌동 1355-13
35.15678,126.86427,4,서구,서구 쌍촌동 1358-2
35.15679,126.90652,4,북구,북구 북동 102
35.1568,126.85593,3,서구,서구 쌍촌동 1268
35.1568,126.85722,3,서구,서구 쌍촌동 1268
35.1568,126.8739,2,서구,서구 내방동 846
35.15682,126.89128,3,서구,서구 농성동 30-10
35.15682,126.89226,2,서구,서구 농성동 28-2
35.15688,126.87543,3,서구,서구 화정동 97-15
35.15689,126.90631,2,북구,북구 북동 102
35.1569,126.85155,3,서구,서구 치평동 1204
35.1569,126.86724,2,서구,서구 쌍촌동 259
35.15691,126.84372,2,서구,서구 치평동 1166-10
35.15691,126.88462,4,서구,서구 농성동 392-16
35.15691,126.9306,3,동구,동구 산수동 548-45
35.15693,126.88672,2,서구,서구 농성동 397-2
35.15694,126.84929,3,서구,서구 치평동 1213-2
35.15697,126.9397,3,동구,동구 산수동 498-8
35.15698,126.85185,1,서구,서구 치평동 1204
35.15698,126.88967,4,서구,서구 농성동 345-37
35.15698,126.93835,3,동구,동구 산수동 103-4
35.157,126.84741,4,서구,서구 치평동 1185
35.15706,126.85295,4,서구,서구 치평동 1205-2
35.15706,126.88523,2,서구,서구 농성동 391-20
35.15708,126.93223,4,동구,동구 산수동 538-12
35.15711,126.91932,3,동구,동구 계림동 294-16 
35.15712,126.85126,3,서구,서구 치평동 1204
35.15714,126.85895,3,서구,서구 쌍촌동 1268
35.15715,126.85799,3,서구,서구 쌍촌동 1268
35.15715,126.92764,3,동구,동구 산수동 423-2
35.15716,126.92832,3,동구,동구 산수동 551-12
35.15718,126.91111,2,북구,북구 북동 2-22
35.15721,126.92921,3,동구,동구 산수동 552-18
35.15722,126.8681,3,서구,서구 쌍촌동 247-1
35.15722,126.89673,3,서구,서구 양동 374-10
35.15726,126.85558,2,서구,서구 치평동 1225
35.15728,126.86117,4,서구,서구 쌍촌동 1278-4
35.15729,126.87927,2,서구,서구 화정동 23-37
35.1573,126.88761,2,서구,서구 농성동 401-3
35.1573,126.9117,3,북구,북구 북동 2-13
35.15732,126.881,4,서구,서구 화정동 23-320
35.15736,126.88826,4,서구,서구 농성동 351-5
35.15736,126.91078,3,북구,북구 북동 4-13
35.15737,126.91326,2,북구,북구 중흥동 666-12
35.15738,126.85828,3,서구,서구 쌍촌동 1268
35.15738,126.86466,3,서구,서구 쌍촌동 1358
35.15738,126.93795,4,동구,동구 산수동 102-4
35.15739,126.90986,3,북구,북구 북동 90-6
35.15742,126.89808,3,서구,서구 양동 367-106
35.15744,126.85641,3,서구,서구 쌍촌동 1268
35.15746,126.93371,3,동구,동구 산수동 531-20
35.15756,126.91351,5,동구,동구 계림동 969
35.15758,126.8473,2,서구,서구 치평동 1166-2
35.15758,126.86258,3,서구,서구 쌍촌동 1281-8
35.1576,126.85704,2,서구,서구 쌍촌동 1268
35.15768,126.85753,3,서구,서구 쌍촌동 1268
35.15782,126.91861,4,동구,동구 계림동 485-1
35.15783,126.86687,3,서구,서구 쌍촌동 153-19
35.15783,126.88909,2,서구,서구 농성동 345-97
35.15786,126.88532,2,서구,서구 농성동 470-2
35.15786,126.92938,3,동구,동구 산수동 548-41
35.15787,126.88708,4,서구,서구 농성동 406-20
35.1579,126.89702,2,서구,서구 양동 367-81
35.15793,126.85824,3,서구,서구 쌍촌동 1268
35.15799,126.93545,3,동구,동구 산수동 108-8
35.15806,126.92333,3,동구,동구 계림동 195-3
35.15807,126.89655,3,서구,서구 양동 398-26
35.15808,126.93204,2,동구,동구 산수동 534-11
35.15815,126.88823,4,서구,서구 농성동 348-13
35.15817,126.85669,3,서구,서구 쌍촌동 1268
35.15817,126.92536,2,동구,동구 산수동 447-4
35.15819,126.88672,4,서구,서구 농성동 380-40
35.15819,126.90384,3,북구,북구 유동 33-16 
35.1582,126.90227,2,북구,북구 임동 894
35.15821,126.91726,4,동구,동구 계림동 489-4
35.15823,126.92646,4,동구,동구 계림동 520-43
35.15826,126.89442,2,서구,서구 양동 423-6
35.15826,126.92541,3,동구,동구 계림동 24-3
35.15828,126.89454,1,서구,서구 양동 427-7
35.15831,126.90676,3,북구,북구 유동 8-9
35.15832,126.89245,3,서구,서구 양동 419-2
35.15832,126.91216,3,북구,북구 중흥동 677-4
35.15835,126.88098,3,서구,서구 화정동 134-18
35.15838,126.85623,3,서구,서구 쌍촌동 1268
35.15838,126.90991,4,북구,북구 중흥동 716-25
35.1584,126.93198,3,동구,동구 산수동 534-21
35.15844,126.9238,2,동구,동구 계림동 17-6
35.15845,126.8588,3,서구,서구 쌍촌동 1268
35.15848,126.85978,3,서구,서구 쌍촌동 1272
35.15849,126.92509,2,동구,동구 계림동 53
35.15852,126.90311,2,북구,북구 유동 81-1
35.15853,126.88454,3,서구,서구 농성동 392
35.15855,126.91284,3,북구,북구 중흥동 669-35
35.15857,126.89481,2,서구,서구 양동 427-7
35.15859,126.9207,3,동구,동구 계림동 190-6
35.15859,126.93311,3,동구,동구 산수동 164-19
35.15861,126.9045,3,북구,북구 유동 113-6
35.15862,126.89896,3,북구,북구 임동 889
35.15862,126.90498,2,북구,북구 유동 111-9
35.15865,126.88877,3,서구,서구 농성동 345-8
35.15866,126.89108,3,서구,서구 농성동 340-3
35.1587,126.90843,2,북구,북구 유동 6-23
35.15872,126.86634,3,서구,서구 쌍촌동 106-2
35.1588,126.90641,3,북구,북구 유동 110-1
35.15883,126.89193,3,서구,서구 양동 439-127
35.15884,126.8474,1,서구,서구 치평동 1166-1
35.15888,126.89511,3,서구,서구 양동 434-14
35.1589,126.91621,3,동구,동구 계림동 540-8
35.15895,126.91409,4,동구,동구 계림동 944
35.15898,126.94391,2,동구,동구 산수동 1-1
35.159,126.89389,4,서구,서구 양동 438-179
35.159,126.91479,2,동구,동구 계림동 538-37
35.159,126.91798,4,동구,동구 계림동 584-1
35.1591,126.9169,3,동구,동구 계림동 536-5
35.15918,126.91446,3,동구,동구 계림동 538-38
35.15918,126.93504,2,동구,동구 산수동 568-2
35.15919,126.92794,3,동구,동구 계림동 518-13
35.1592,126.92946,2,동구,동구 산수동 463-9
35.15921,126.86397,4,서구,서구 쌍촌동 1351
35.15922,126.89215,2,서구,서구 양동 439-79
35.15922,126.90841,4,북구,북구 중흥동 720-6
35.15925,126.91217,2,북구,북구 중흥동 677-8
35.15926,126.90661,4,북구,북구 중흥동 721-8
35.15928,126.89279,3,서구,서구 양동 438-397
35.15931,126.89007,4,서구,서구 농성동 438
35.15933,126.86532,2,서구,서구 쌍촌동 1344-6
35.15935,126.90576,3,북구,북구 유동 106-19
35.15939,126.85811,2,서구,서구 쌍촌동 1320-2
35.1594,126.90427,3,북구,북구 유동 96-10
35.15942,126.90972,4,북구,북구 중흥동 715-18
35.15943,126.88806,4,서구,서구 농성동 423-2
35.15946,126.9357,1,동구,동구 산수동 569-1
35.15953,126.89113,3,서구,서구 양동 439-96
35.15955,126.85754,4,서구,서구 쌍촌동 1320-2
35.15955,126.94478,2,북구,북구 두암동 산164
35.15956,126.90682,2,북구,북구 중흥동 721-8
35.15956,126.92918,3,동구,동구 산수동 545-59
35.15957,126.84556,3,서구,서구 치평동 1002-17
35.15961,126.91576,3,동구,동구 계림동 537-21
35.15961,126.91927,3,동구,동구 계림동 574-9
35.15961,126.936,3,동구,동구 산수동 570-1
35.15964,126.8886,2,서구,서구 농성동 438
35.15965,126.91665,4,동구,동구 계림동 534-21
35.15966,126.84642,2,서구,서구 치평동 1192
35.15966,126.89161,3,서구,서구 양동 456-15
35.15971,126.93697,2,동구,동구 산수동 700
35.15974,126.83909,1,서구,서구 덕흥동 36-3
35.15984,126.93167,4,동구,동구 산수동 534-1
35.1599,126.92717,3,동구,동구 계림동 518-7
35.15995,126.89004,2,서구,서구 농성동 440
35.15999,126.92029,2,동구,동구 계림동 572-3
35.16,126.93286,2,동구,동구 산수동 126-36
35.16001,126.8582,2,서구,서구 쌍촌동 1320-2
35.16003,126.84652,2,서구,서구 치평동 1193-6
35.16006,126.90537,3,북구,북구 유동 107-5
35.16011,126.88654,3,서구,서구 농성동 457-9
35.16011,126.92622,5,동구,동구 계림동 519-1
35.16013,126.85609,2,서구,서구 쌍촌동 1319-9
35.16013,126.88492,3,서구,서구 농성동 417-8
35.16021,126.90791,2,북구,북구 중흥동 714-1
35.16022,126.86319,1,서구,서구 쌍촌동 1338
35.16022,126.89194,3,서구,서구 양동 438-262
35.16022,126.8951,3,북구,북구 임동 95-4
35.16027,126.93728,4,동구,동구 산수동 708
35.16028,126.92459,3,동구,동구 계림동 522-12
35.16028,126.93612,4,동구,동구 산수동 573-1
35.16029,126.91862,4,동구,동구 계림동 574-1
35.1603,126.90984,2,북구,북구 중흥동 712-36
35.16031,126.86471,2,서구,서구 쌍촌동 1345
35.16032,126.92219,4,동구,동구 계림동 85-24
35.16034,126.85941,3,서구,서구 쌍촌동 1335
35.16038,126.91986,4,동구,동구 계림동 564-16
35.16038,126.93535,2,동구,동구 산수동 573
35.16039,126.90782,3,북구,북구 중흥동 713-23
35.1604,126.90201,4,북구,북구 유동 141
35.16043,126.8573,4,서구,서구 쌍촌동 1325-15
35.16045,126.91708,3,동구,동구 계림동 532-4
35.16047,126.89088,3,서구,서구 양동 456-81
35.1605,126.9393,2,북구,북구 두암동 978-11
35.16054,126.91258,3,북구,북구 중흥동 686-10
35.16057,126.91919,3,동구,동구 계림동 571-7
35.16059,126.90635,4,북구,북구 유동 103-23
35.16061,126.88957,3,서구,서구 농성동 610-19
35.16069,126.85865,3,서구,서구 쌍촌동 1331-6
35.16069,126.93609,2,동구,동구 산수동 573-1
35.16071,126.91315,4,북구,북구 중흥동 652-1
35.16073,126.90101,3,북구,북구 임동 13-6
35.16073,126.91549,4,동구,동구 계림동 885
35.16074,126.90471,4,북구,북구 유동 115-4
35.16074,126.93526,3,동구,동구 산수동 573-1
35.16075,126.92218,2,동구,동구 계림동 130-31
35.16075,126.92394,3,동구,동구 계림동 66-7
35.16076,126.89916,3,북구,북구 임동 92-74
35.16078,126.85622,3,서구,서구 쌍촌동 1314-6
35.16089,126.92794,2,동구,동구 계림동 1730
35.16099,126.9109,3,북구,북구 중흥동 683-7
35.161,126.89854,3,북구,북구 임동 92-37
35.16101,126.90739,5,북구,북구 중흥동 722-4
35.16102,126.85743,2,서구,서구 쌍촌동 1326-1
35.16107,126.91921,4,동구,동구 계림동 567-1
35.16109,126.91778,3,동구,동구 계림동 528-5
35.1611,126.8851,2,서구,서구 농성동 418-7
35.16111,126.91382,4,북구,북구 중흥동 652-1
35.16113,126.88488,2,서구,서구 농성동 418-18
35.16113,126.9312,3,북구,북구 풍향동 659
35.16114,126.911,1,북구,북구 중흥동 683-7
35.16116,126.88069,2,서구,서구 광천동 49-1
35.16118,126.88743,4,서구,서구 광천동 25-6
35.16119,126.85763,2,서구,서구 쌍촌동 1326-1
35.16123,126.92384,3,동구,동구 계림동 69-5
35.16125,126.92051,1,동구,동구 계림동 85-152
35.16129,126.9129,4,북구,북구 중흥동 687-3
35.1613,126.8789,2,서구,서구 광천동 236-2
35.16141,126.937,3,동구,동구 산수동 676
35.16145,126.92387,3,동구,동구 계림동 523-35
35.16148,126.86346,2,서구,서구 쌍촌동 1339
35.16149,126.83772,2,서구,서구 덕흥동 41-9 
35.16149,126.91394,3,북구,북구 중흥동 655-25
35.16155,126.8592,2,서구,서구 쌍촌동 1330
35.16156,126.85717,3,서구,서구 쌍촌동 1315
35.16157,126.86126,2,서구,서구 쌍촌동 1337-1
35.16158,126.90136,3,북구,북구 임동 13-9
35.1616,126.91741,3,동구,동구 계림동 561-10
35.1616,126.93749,2,동구,동구 산수동 687
35.16161,126.93721,2,동구,동구 산수동 689
35.16162,126.91174,4,북구,북구 중흥동 685-1
35.16163,126.90489,2,북구,북구 유동 117-1
35.16165,126.89409,2,북구,북구 임동 100-12
35.16165,126.92838,4,동구,동구 계림동 1513
35.16165,126.93925,2,북구,북구 두암동 975-5
35.16166,126.89737,3,북구,북구 임동 94-95
35.16166,126.9385,2,북구,북구 두암동 979-1
35.16168,126.90836,3,북구,북구 중흥동 709-1
35.16169,126.93486,3,북구,북구 두암동 985-3
35.16173,126.85887,3,서구,서구 쌍촌동 1313-1
35.16175,126.85805,4,서구,서구 쌍촌동 1313-1
35.16176,126.87904,3,서구,서구 광천동 242
35.16177,126.89774,3,북구,북구 임동 92-1
35.16183,126.93158,3,북구,북구 풍향동 40-2
35.16186,126.93716,1,북구,북구 두암동 969-7
35.16188,126.93584,2,북구,북구 오룡동 1109-4
35.16189,126.83228,3,서구,서구 덕흥동 813-15
35.16191,126.91058,3,북구,북구 중흥동 683-1
35.16191,126.93304,2,북구,북구 풍향동 산19-29
35.16193,126.90183,2,북구,북구 임동 3-12
35.16193,126.92868,2,동구,동구 계림동 1603
35.16197,126.93859,2,북구,북구 두암동 969-9
35.16198,126.85459,2,서구,서구 유촌동 840-2
35.162,126.91953,4,동구,동구 계림동 559-6
35.16201,126.96196,3,북구,북구 청풍동 255-4
35.16202,126.91428,2,북구,북구 중흥동 648-10
35.16204,126.9181,3,동구,동구 계림동 560-10
35.16204,126.92353,2,동구,동구 계림동 116-7
35.16213,126.91305,4,북구,북구 중흥동 689-4
35.16219,126.89642,3,북구,북구 임동 98-1
35.16221,126.88601,4,서구,서구 광천동 14-7
35.16224,126.93538,2,북구,북구 두암동 985-3
35.16224,126.93937,3,북구,북구 두암동 975-6
35.16228,126.92002,1,동구,동구 계림동 553-12
35.16229,126.96186,1,북구,북구 청풍동 233-3
35.16231,126.93402,6,북구,북구 두암동 281-16
35.16233,126.9224,3,동구,동구 계림동 114-9
35.16237,126.91386,3,북구,북구 중흥동 649-12
35.16238,126.92979,4,북구,북구 풍향동 579-1
35.16244,126.92415,2,동구,동구 계림동 1085
35.16255,126.911,2,북구,북구 중흥동 696-7
35.16255,126.98154,3,북구,북구 금곡동 919-2
35.16256,126.9215,2,동구,동구 계림동 85-49
35.16266,126.8973,3,북구,북구 임동 97-62
35.16266,126.91846,4,동구,동구 계림동 557-1
35.16269,126.90355,3,북구,북구 신안동 148
35.1627,126.86014,3,서구,서구 유촌동 869
35.16276,126.91708,4,동구,동구 계림동 542-1
35.16283,126.89942,4,북구,북구 임동 8-2
35.16292,126.91936,3,동구,동구 계림동 554-8
35.16292,126.92866,3,북구,북구 풍향동 810
35.16299,126.85805,3,서구,서구 유촌동 869
35.16299,126.93308,3,북구,북구 두암동 280-84
35.16305,126.91166,4,북구,북구 중흥동 695-10
35.16307,126.85663,2,서구,서구 유촌동 869
35.16308,126.93063,4,북구,북구 풍향동 23-115
35.1631,126.85735,3,서구,서구 유촌동 850-5
35.16311,126.91978,4,동구,동구 계림동 548-15
35.1632,126.93358,4,북구,북구 두암동 288-40
35.16321,126.89817,3,북구,북구 임동 29-2
35.16327,126.88799,3,북구,북구 임동 100-10
35.1633,126.85165,3,서구,서구 유촌동 414
35.1633,126.89879,3,북구,북구 임동 8-2
35.1633,126.90553,5,북구,북구 신안동 117-6
35.16333,126.9179,2,동구,동구 계림동 551-8
35.16333,126.92484,3,동구,동구 계림동 1096
35.16334,126.87941,3,서구,서구 광천동 223-5
35.16337,126.88523,3,서구,서구 광천동 10-37
35.16341,126.88226,2,서구,서구 광천동 101-4
35.16342,126.91421,3,북구,북구 중흥동 645-1
35.16346,126.91756,3,동구,동구 계림동 551-2
35.16366,126.93206,2,북구,북구 풍향동 20-31
35.16373,126.91491,3,북구,북구 중흥동 644-17
35.16375,126.89956,3,북구,북구 임동 187-39
35.16376,126.90432,3,북구,북구 신안동 143-3
35.16377,126.91741,2,동구,동구 계림동 730-1
35.16377,126.9185,3,동구,동구 계림동 546-17
35.1638,126.90011,3,북구,북구 임동 195-20
35.16387,126.8852,3,서구,서구 광천동 72-9
35.16391,126.92468,2,북구,북구 풍향동 1-1
35.16398,126.90322,4,북구,북구 신안동 142-3
35.164,126.88229,3,서구,서구 광천동 102-19 인근
35.16404,126.91262,2,북구,북구 중흥동 751-16
35.16404,126.91616,2,동구,동구 계림동 730
35.16408,126.85664,4,서구,서구 유촌동 846-5
35.1641,126.88135,2,서구,서구 광천동 104-38
35.16412,126.91339,4,북구,북구 중흥동 751-20
35.16413,126.86328,2,서구,서구 유촌동 873-1
35.16416,126.93165,4,북구,북구 풍향동 20-16
35.16423,126.91523,2,북구,북구 중흥동 644-24
35.16423,126.91898,3,동구,동구 계림동 546-11
35.16434,126.88053,3,서구,서구 광천동 104-20
35.16434,126.89687,2,북구,북구 임동 186-2
35.16436,126.91688,2,동구,동구 계림동 695
35.16437,126.9179,3,동구,동구 계림동 636
35.16442,126.86162,4,서구,서구 유촌동 865-10
35.16443,126.85903,4,서구,서구 유촌동 856-4
35.16453,126.85278,4,서구,서구 유촌동 180-2
35.16458,126.88241,2,서구,서구 광천동 91-2 
35.16461,126.92099,3,북구,북구 풍향동 599-25
35.16463,126.90084,4,북구,북구 신안동 261-25
35.16464,126.93428,3,북구,북구 두암동 301-7
35.16465,126.86178,3,서구,서구 유촌동 873
35.16466,126.85752,4,서구,서구 유촌동 854
35.16466,126.92581,4,북구,북구 풍향동 1-1
35.16467,126.88488,4,서구,서구 광천동 632-27
35.16467,126.93565,2,북구,북구 두암동 968-5
35.16472,126.89994,4,북구,북구 임동 192-1
35.16473,126.9182,3,동구,동구 계림동 632
35.16475,126.86015,3,서구,서구 유촌동 865-3
35.16478,126.93227,4,북구,북구 두암동 305-23
35.16479,126.97965,2,북구,북구 금곡동 902-3
35.16487,126.85405,2,서구,서구 유촌동 167-2
35.1649,126.91482,3,북구,북구 중흥동 747-8
35.16493,126.85794,3,서구,서구 유촌동 855
35.16493,126.92298,2,북구,북구 풍향동 596-6
35.16494,126.89664,3,북구,북구 임동 185-3
35.16495,126.85184,2,서구,서구 유촌동 497-3
35.16499,126.8563,2,서구,서구 유촌동 843
35.16504,126.86288,4,서구,서구 유촌동 873-1
35.16517,126.93718,2,북구,북구 두암동 969-4
35.16522,126.88048,4,서구,서구 광천동 650-302
35.16525,126.89817,4,북구,북구 임동 195-10
35.16526,126.83908,4,서구,서구 덕흥동 20-1
35.16526,126.92164,2,북구,북구 풍향동 600-11
35.16527,126.90057,2,북구,북구 신안동 262-28
35.16543,126.86224,3,서구,서구 유촌동 879-3
35.16546,126.92132,2,북구,북구 풍향동 601-6
35.16548,126.9331,4,북구,북구 두암동 310-17
35.16551,126.85834,4,서구,서구 유촌동 857
35.16555,126.89537,3,북구,북구 임동 135-12
35.16558,126.93565,2,북구,북구 두암동 967-2
35.16563,126.93073,2,북구,북구 두암동 327-12
35.16565,126.91501,3,북구,북구 중흥동 745-7
35.16567,126.8853,2,서구,서구 광천동 477-2
35.16568,126.88245,2,서구,서구 광천동 634-9
35.1657,126.9314,2,북구,북구 두암동 314-6
35.16571,126.85283,3,서구,서구 유촌동 518
35.16584,126.88062,3,서구,서구 광천동 650-327
35.16593,126.92244,4,북구,북구 풍향동 600-1
35.166,126.8966,2,북구,북구 신안동 253-9
35.16602,126.89423,2,북구,북구 임동 133-26
35.16604,126.85724,4,서구,서구 유촌동 821-2
35.16605,126.86319,4,서구,서구 유촌동 881
35.16609,126.88894,3,북구,북구 임동 104-68
35.16614,126.87215,3,서구,서구 쌍촌동 4-7
35.16615,126.90226,4,북구,북구 신안동 130-1
35.16616,126.8582,2,서구,서구 유촌동 862-2
35.16618,126.93628,4,북구,북구 두암동 967-2
35.16619,126.92153,3,북구,북구 풍향동 601-1
35.1662,126.89928,3,북구,북구 신안동 257-19
35.16623,126.91642,4,북구,북구 우산동 518-124
35.16625,126.86795,2,서구,서구 쌍촌동 21-1
35.16641,126.93147,2,북구,북구 두암동 319-10
35.16644,126.85788,2,서구,서구 유촌동 25-1
35.16644,126.87546,3,서구,서구 광천동 713-46
35.16648,126.93575,3,북구,북구 두암동 967-2
35.16649,126.93426,3,북구,북구 두암동 351-3
35.16655,126.86016,2,서구,서구 유촌동 3-3
35.16657,126.8957,4,북구,북구 용봉동 1397-4
35.16658,126.86186,3,서구,서구 쌍촌동 1111
35.1666,126.87282,2,서구,서구 광천동 714-45
35.16662,126.92868,2,북구,북구 두암동 811-9
35.16665,126.88073,3,서구,서구 광천동 583-10
35.16668,126.89257,3,북구,북구 임동 149-26
35.16673,126.86496,2,서구,서구 쌍촌동 807-36
35.16675,126.83752,2,서구,서구 덕흥동 454
35.16675,126.92256,5,북구,북구 풍향동 547-6
35.16678,126.91452,4,북구,북구 중흥동 599-27
35.1668,126.87941,4,서구,서구 광천동 650-290
35.16684,126.89473,3,북구,북구 임동 140-16
35.16688,126.88578,3,북구,북구 임동 607
35.16688,126.91568,3,북구,북구 중흥동 802-20
35.16692,126.86246,4,서구,서구 쌍촌동 1132-5
35.16693,126.88562,1,북구,북구 임동 615
35.16693,126.93537,3,북구,북구 두암동 166-1
35.16694,126.86092,3,서구,서구 유촌동 1-6
35.16695,126.92401,2,북구,북구 풍향동 432-2
35.16695,126.93187,4,북구,북구 두암동 907-1
35.16699,126.85906,2,서구,서구 유촌동 15-3
35.16699,126.87605,2,서구,서구 광천동 651-35
35.16701,126.85825,1,서구,서구 유촌동 17-1
35.16703,126.87809,2,서구,서구 광천동 650-203
35.16705,126.87882,3,서구,서구 광천동 650-359
35.16711,126.93029,4,북구,북구 두암동 898-15 
35.16712,126.86639,3,서구,서구 쌍촌동 1064
35.16713,126.91357,4,북구,북구 중흥동 599-19
35.16718,126.92142,4,북구,북구 풍향동 519-2
35.16722,126.87455,4,서구,서구 광천동 712-29
35.16722,126.92589,2,북구,북구 풍향동 435-31
35.16725,126.89322,4,북구,북구 임동 144-6
35.16743,126.93747,2,북구,북구 두암동 969-10
35.16747,126.91167,3,북구,북구 중흥동 374-1
35.16748,126.89913,4,북구,북구 신안동 497-5
35.16749,126.89134,4,북구,북구 임동 153-6
35.16761,126.9048,3,북구,북구 신안동 239-37
35.16762,126.9172,4,북구,북구 우산동 510-26
35.16764,126.83779,2,서구,서구 덕흥동 476-8
35.16765,126.93347,3,북구,북구 두암동 345-3
35.16769,126.87612,2,서구,서구 광천동 656-40
35.16769,126.89349,2,북구,북구 임동 144-2
35.16769,126.9278,4,북구,북구 두암동 800
35.1677,126.89077,3,북구,북구 임동 321-5
35.16771,126.85424,3,서구,서구 유촌동 48
35.16771,126.93274,4,북구,북구 두암동 904-46
35.16771,126.93946,3,북구,북구 두암동 98-15
35.16778,126.88239,3,서구,서구 광천동 571-4
35.16778,126.92896,3,북구,북구 두암동 800
35.16783,126.93196,4,북구,북구 두암동 900-6
35.16792,126.89214,3,북구,북구 임동 153-2
35.16795,126.93355,2,북구,북구 두암동 904-13
35.16803,126.91233,4,북구,북구 중흥동 376-26
35.16813,126.8965,3,북구,북구 신안동 650-17
35.16813,126.90952,2,북구,북구 중흥동 347-1
35.16816,126.85884,2,서구,서구 동천동 290
35.1682,126.85798,2,서구,서구 동천동 508
35.16821,126.9012,3,북구,북구 신안동 238-39
35.16827,126.90869,4,북구,북구 중흥동 325-60
35.16838,126.91651,2,북구,북구 중흥동 526-2
35.16843,126.92938,4,북구,북구 두암동 895-5
35.16844,126.87026,3,서구,서구 동천동 660
35.16846,126.86696,4,서구,서구 동천동 649
35.16848,126.88256,3,서구,서구 광천동 782-369
35.16848,126.93566,2,북구,북구 두암동 952
35.1685,126.83602,4,서구,서구 덕흥동 953-2
35.16854,126.87621,4,서구,서구 광천동 656-1
35.16858,126.8595,2,서구,서구 동천동 507
35.16858,126.91659,2,북구,북구 중흥동 526-2
35.16858,126.93078,4,북구,북구 두암동 901-36
35.16863,126.8984,3,북구,북구 신안동 492-1
35.16863,126.90138,4,북구,북구 신안동 235-4
35.16864,126.87132,3,서구,서구 동천동 660
35.16864,126.8858,3,북구,북구 임동 340
35.16866,126.90973,2,북구,북구 중흥동 344-11
35.16866,126.93769,4,북구,북구 두암동 945-10
35.16867,126.89964,4,북구,북구 신안동 234-5
35.16868,126.91259,3,북구,북구 중흥동 367-10
35.16869,126.832,3,서구,서구 덕흥동 978-5
35.1687,126.92788,2,북구,북구 두암동 890-4
35.16872,126.91132,2,북구,북구 중흥동 370-33
35.16875,126.86137,2,서구,서구 동천동 553
35.16876,126.91689,2,북구,북구 중흥동 526-2
35.16879,126.90706,3,북구,북구 중흥동 326-11 
35.16881,126.8669,2,서구,서구 동천동 649
35.16887,126.90793,2,북구,북구 중흥동 346-7
35.16889,126.91672,2,북구,북구 중흥동 526-2
35.1689,126.90891,4,북구,북구 중흥동 346-13
35.16893,126.83643,3,서구,서구 덕흥동 506-4
35.16894,126.93908,3,북구,북구 두암동 944-2
35.169,126.85946,4,서구,서구 동천동 507
35.169,126.86125,4,서구,서구 동천동 552
35.16901,126.87593,3,서구,서구 광천동 693-16
35.16907,126.928,4,북구,북구 두암동 893-33
35.16912,126.89338,3,북구,북구 신안동 764-46
35.16918,126.86001,2,서구,서구 동천동 507
35.1692,126.89983,2,북구,북구 신안동 235-1
35.16921,126.89005,4,북구,북구 임동 321-1
35.16923,126.90075,4,북구,북구 신안동 235-1
35.1693,126.9342,4,북구,북구 두암동 363-5
35.16931,126.91658,3,북구,북구 중흥동 501-2
35.16938,126.89854,4,북구,북구 신안동 234-1
35.16938,126.90976,3,북구,북구 중흥동 343-22
35.1694,126.87729,4,서구,서구 광천동 692-1
35.1694,126.9383,3,북구,북구 두암동 951
35.16944,126.99902,3,북구,북구 금곡동 275-12
35.16945,126.91234,4,북구,북구 중흥동 367-10
35.1695,126.93722,2,북구,북구 두암동 936-2
35.16954,126.87083,4,서구,서구 동천동 659
35.16954,126.90912,3,북구,북구 중흥동 342-17
35.16955,126.86135,4,서구,서구 동천동 574
35.16957,126.87286,2,서구,서구 동천동 729
35.16957,126.93113,4,북구,북구 두암동 865-28
35.1696,126.93967,4,북구,북구 두암동 산79-2
35.16963,126.91581,3,북구,북구 중흥동 182-4
35.16964,126.90313,2,북구,북구 신안동 479-5 주택가 골목길
35.1697,126.89448,3,북구,북구 신안동 764
35.16973,126.86147,3,서구,서구 동천동 539
35.16973,126.88699,2,북구,북구 임동 345
35.16974,126.93773,2,북구,북구 두암동 928-8
35.16977,126.87021,2,서구,서구 동천동 659
35.16978,126.93908,2,북구,북구 두암동 931-7
35.16986,126.93474,3,북구,북구 두암동 400
35.16989,126.91356,3,북구,북구 중흥동 367-15
35.16989,126.93582,3,북구,북구 두암동 923-15
35.16991,126.9018,2,북구,북구 신안동 480-5
35.16993,126.9118,3,북구,북구 중흥동 368-25
35.16995,126.89019,4,북구,북구 운암동 424-1
35.16996,126.88472,2,북구,북구 임동 340
35.16996,126.88741,3,북구,북구 임동 344
35.16996,126.93352,3,북구,북구 두암동 385-2 
35.16997,126.89508,3,북구,북구 신안동 230-9
35.17002,126.91478,3,북구,북구 중흥동 364-1
35.17007,126.91038,2,북구,북구 중흥동 355-1
35.17013,126.91248,4,북구,북구 서양로93번길 26
35.17015,126.92843,4,북구,북구 두암동 875-6
35.17016,126.90672,3,북구,북구 중흥동 334-6
35.17031,126.90614,2,북구,북구 중흥동 327-29
35.17034,126.90847,2,북구,북구 중흥동 341-12
35.17035,126.85888,3,서구,서구 동천동 503
35.17039,126.86016,3,서구,서구 동천동 506
35.17042,126.89464,3,북구,북구 신안동 423-11
35.17042,126.91562,3,북구,북구 중흥동 207-7
35.17044,126.91225,3,북구,북구 중흥동 367-15
35.17046,126.9094,4,북구,북구 중흥동 340-1
35.1705,126.92129,2,북구,북구 우산동 259-2
35.1705,126.92175,2,북구,북구 우산동 260-10
35.17054,126.87454,3,서구,서구 동천동 717
35.17055,126.92868,4,북구,북구 두암동 877-14
35.17055,126.93586,2,북구,북구 두암동 950
35.17056,126.87341,4,서구,서구 동천동 698
35.17058,126.89132,3,북구,북구 운암동 425-1
35.17062,126.8693,2,서구,서구 동천동 646
35.17063,126.93701,4,북구,북구 두암동 919-8
35.17064,126.92093,2,북구,북구 우산동 259-2
35.17066,126.93477,4,북구,북구 두암동 408-13
35.17067,126.93114,3,북구,북구 두암동 865-13
35.17068,126.8603,1,서구,서구 동천동 502
35.17068,126.90223,2,북구,북구 신안동 478-11
35.1707,126.8878,4,북구,북구 운암동 429
35.1707,126.89356,3,북구,북구 신안동 353-16
35.17072,126.90829,2,북구,북구 중흥동 327-2
35.17072,126.93187,4,북구,북구 두암동 865-14
35.17074,126.91652,4,북구,북구 중흥동 114-1
35.17078,126.90433,4,북구,북구 신안동 213-1
35.1708,126.89547,1,북구,북구 신안동 242-6
35.17083,126.90808,4,북구,북구 중흥동 327-1
35.17088,126.86428,2,서구,서구 동천동 609
35.17089,126.9311,3,북구,북구 두암동 854-8
35.1709,126.90608,3,북구,북구 신안동 211-23
35.17091,126.92691,3,북구,북구 두암동 878-7
35.17094,126.90045,2,북구,북구 신안동 474-26
35.17098,126.86688,1,서구,서구 동천동 618
35.17106,126.9197,4,북구,북구 중흥동 12-1
35.17108,126.88929,3,북구,북구 운암동 422-1
35.17112,126.90308,2,북구,북구 신안동 478-29
35.17112,126.92442,4,북구,북구 두암동 883-9
35.17114,126.85638,3,서구,서구 동천동 166
35.17114,126.89783,4,북구,북구 신안동 482-1
35.17118,126.86862,3,서구,서구 동천동 638
35.17123,126.89838,2,북구,북구 신안동 471-1
35.17127,126.93702,2,북구,북구 두암동 917-10
35.17128,126.90678,2,북구,북구 중흥동 320-53
35.17129,126.88937,3,북구,북구 운암동 400-22
35.17129,126.92944,4,북구,북구 두암동 856-5
35.17132,126.91995,2,북구,북구 우산동 264-28
35.17134,126.92189,2,북구,북구 우산동 232-1
35.17136,126.8847,3,북구,북구 운암동 414-4
35.17138,126.93594,4,북구,북구 두암동 915-1
35.17139,126.90516,3,북구,북구 신안동 211-1
35.17139,126.92809,4,북구,북구 두암동 862-26
35.17142,126.93736,4,북구,북구 두암동 87-1
35.17145,126.87292,3,서구,서구 동천동 673
35.17149,126.91508,2,북구,북구 중흥동 836
35.1715,126.86542,2,서구,서구 동천동 603
35.17151,126.92025,2,북구,북구 우산동 264-28
35.17156,126.9307,4,북구,북구 두암동 848-4
35.17159,126.88682,3,북구,북구 운암동 418-1
35.17165,126.93557,2,북구,북구 두암동 145-5
35.17167,126.92666,3,북구,북구 두암동 879-6
35.17172,126.92013,2,북구,북구 우산동 264-28
35.17172,126.92504,2,북구,북구 두암동 882-3
35.17174,126.92078,2,북구,북구 우산동 187-11
35.17177,126.87964,4,북구,북구 운암동 1423
35.17178,126.90899,3,북구,북구 중흥동 322-15
35.17179,126.92403,3,북구,북구 두암동 882-12
35.1718,126.8868,4,북구,북구 운암동 395-16
35.17187,126.88541,3,북구,북구 운암동 414-15
35.17187,126.90646,4,북구,북구 중흥동 320-6
35.1719,126.8638,2,서구,서구 동천동 585
35.1719,126.86396,4,서구,서구 동천동 586
35.17197,126.91019,4,북구,북구 중흥동 337-31
35.17199,126.89802,3,북구,북구 용봉동 692-15
35.17206,126.88541,5,북구,북구 운암동 392-14
35.1721,126.90742,3,북구,북구 중흥동 320-74
35.17212,126.88101,3,북구,북구 운암동 1426-2
35.17212,126.89313,3,북구,북구 신안동 343-2
35.17214,126.88387,3,북구,북구 운암동 451-4
35.17215,126.85234,4,서구,서구 동천동 109
35.17216,126.89695,2,북구,북구 용봉동 693
35.17217,126.88815,4,북구,북구 운암동 398-1
35.17219,126.86286,3,북구,북구 동림동 894-17
35.17222,126.90475,3,북구,북구 신안동 226-14
35.17224,126.88482,3,북구,북구 운암동 392-16
35.17226,126.88359,2,북구,북구 운암동 449-3
35.17226,126.88684,4,북구,북구 운암동 394-8
35.17227,126.91122,4,북구,북구 중흥동 337-4
35.17232,126.87776,4,북구,북구 운암동 1384
35.17234,126.9246,1,북구,북구 두암동 881-7
35.17237,126.87964,3,북구,북구 운암동 444-28
35.17238,126.91269,3,북구,북구 중흥동 362-12
35.17248,126.91975,1,북구,북구 우산동 172-10
35.1725,126.91739,4,북구,북구 중흥동 288-19
35.17258,126.93483,4,북구,북구 두암동 456-20
35.17262,126.87773,4,북구,북구 운암동 442-3
35.17263,126.92114,1,북구,북구 우산동 189-1
35.17263,126.92952,3,북구,북구 두암동 847-29
35.17265,126.92598,2,북구,북구 두암동 880-1
35.17266,126.87571,3,북구,북구 운암동 440-10
35.17269,126.91387,3,북구,북구 중흥동 361-10
35.17269,126.92479,2,북구,북구 우산동 208-10
35.17271,126.88922,3,북구,북구 운암동 496-9
35.17271,126.9069,2,북구,북구 용봉동 252-4
35.17271,126.9306,4,북구,북구 두암동 828-18 
35.17278,126.88021,2,북구,북구 운암동 445-25
35.17285,126.88928,3,북구,북구 운암동 496-6
35.17285,126.93275,3,북구,북구 두암동 828-5
35.17288,126.8783,3,북구,북구 운암동 442-13
35.17288,126.92784,4,북구,북구 두암동 857-1
35.17292,126.88777,2,북구,북구 운암동 495-38
35.17309,126.8856,3,북구,북구 운암동 490-11
35.17309,126.92362,2,북구,북구 우산동 202-22
35.1731,126.96483,2,북구,북구 청풍동 800
35.17314,126.88287,2,북구,북구 운암동 97-26
35.17328,126.88103,4,북구,북구 운암동 93-27
35.17329,126.91159,3,북구,북구 용봉동 242-2
35.17331,126.89024,3,북구,북구 운암동 110-51
35.17332,126.88831,3,북구,북구 운암동 496-2
35.17344,126.91466,3,북구,북구 중흥동 278-26
35.17345,126.8705,4,북구,북구 운암동 782-1
35.17347,126.86872,2,북구,북구 운암동 산160
35.17352,126.87328,2,북구,북구 운암동 782-6
35.17354,126.92668,4,북구,북구 두암동 843-8
35.17357,126.92936,2,북구,북구 두암동 833-27
35.17359,126.87276,4,북구,북구 운암동 782-6
35.17359,126.87594,4,북구,북구 운암동 779-17 
35.1736,126.9327,2,북구,북구 두암동 828-1
35.17364,126.89718,2,북구,북구 용봉동 609-21
35.17366,126.95102,1,북구,북구 각화동 산124
35.17369,126.91562,2,북구,북구 중흥동 272-15
35.1737,126.93179,4,북구,북구 두암동 828-1
35.1737,126.93585,2,북구,북구 두암동 산60
35.17375,126.88251,3,북구,북구 운암동 96-26
35.17377,126.92336,3,북구,북구 우산동 201-12
35.17383,126.89375,3,북구,북구 신안동 308-3
35.17384,126.87971,3,북구,북구 운암동 93-1
35.17389,126.9178,4,북구,북구 중흥동 266-7
35.17395,126.88163,2,북구,북구 운암동 95
35.17401,126.92152,2,북구,북구 우산동 191-1
35.17407,126.93158,3,북구,북구 두암동 828-1
35.1741,126.9283,2,북구,북구 두암동 835-1
35.17411,126.91321,2,북구,북구 중흥동 279-74
35.17412,126.87212,4,북구,북구 운암동 782-6
35.17412,126.93084,2,북구,북구 두암동 828-26
35.17416,126.88126,4,북구,북구 운암동 95
35.17416,126.88476,1,북구,북구 운암동 484-1
35.17422,126.92967,4,북구,북구 두암동 834-10
35.17423,126.87335,4,북구,북구 운암동 782-6
35.17424,126.92603,3,북구,북구 우산동 206-9
35.17426,126.91557,4,북구,북구 중흥동 273-32
35.17431,126.92447,2,북구,북구 우산동 203-1
35.17442,126.91942,4,북구,북구 우산동 169-12
35.17445,126.89345,3,북구,북구 신안동 305-1
35.17448,126.88707,3,북구,북구 운암동 493-38
35.17449,126.87982,3,북구,북구 운암동 91-18
35.17451,126.88509,2,북구,북구 운암동 484-1
35.17452,126.91799,2,북구,북구 중흥동 265-8
35.17453,126.8939,3,북구,북구 신안동 304-10
35.17453,126.91675,4,북구,북구 중흥동 274-14
35.17457,126.91348,3,북구,북구 중흥동 279-49
35.17464,126.91805,2,북구,북구 중흥동 265-7
35.17464,126.93497,3,북구,북구 두암동 460-2
35.17468,126.8745,4,북구,북구 운암동 841-3
35.17472,126.8759,3,북구,북구 운암동 68
35.17474,126.9324,3,북구,북구 두암동 825-32
35.17476,126.8641,4,북구,북구 동림동 274-2
35.17476,127.00941,2,북구,북구 충효동 121-7
35.17478,126.93012,3,북구,북구 두암동 831-6
35.17491,126.86254,3,북구,북구 동림동 531-3
35.17494,126.88484,4,북구,북구 운암동 484-1
35.17499,126.85812,2,북구,북구 동림동 915-31
35.17502,126.88392,2,북구,북구 운암동 484-1
35.17502,126.92069,4,북구,북구 우산동 177-15
35.17509,126.9143,4,북구,북구 용봉동 161-17
35.17511,126.92207,4,북구,북구 우산동 195-19
35.17517,126.88287,3,북구,북구 운암동 497
35.17521,126.89757,3,북구,북구 용봉동 624-9
35.17521,126.92323,4,북구,북구 우산동 196-4
35.17522,126.88845,2,북구,북구 운암동 122-2
35.17528,126.92466,3,북구,북구 우산동 205-1
35.17529,126.88155,3,북구,북구 운암동 434-31
35.1753,126.82795,4,북구,북구 두암동 838-1
35.17532,126.91506,3,북구,북구 중흥동 259-38
35.17538,126.86584,4,북구,북구 동림동 290-2
35.17538,126.91266,3,북구,북구 용봉동 161-1
35.17541,126.88689,2,북구,북구 운암동 128-1
35.17543,126.92092,2,북구,북구 우산동 168-6
35.1755,126.91819,4,북구,북구 중흥동 264-1
35.17554,126.88438,4,북구,북구 운암동 479-20
35.17559,126.84448,2,서구,서구 동천동 12
35.17564,126.87766,2,북구,북구 운암동 68
35.17568,126.88366,2,북구,북구 운암동 478-1
35.17574,126.89321,2,북구,북구 용봉동 721
35.17574,126.92621,4,북구,북구 우산동 228-1
35.17578,126.93112,2,북구,북구 두암동 581-33
35.17582,126.91848,3,북구,북구 우산동 633-5
35.17585,126.87588,4,북구,북구 운암동 364-1
35.17585,126.93493,4,북구,북구 두암동 597-33
35.17588,126.88599,3,북구,북구 운암동 133
35.1759,126.92034,4,북구,북구 우산동 168-6
35.17594,126.93282,3,북구,북구 두암동 585-14
35.17594,126.93434,4,북구,북구 두암동 601-1
35.17595,126.91609,3,북구,북구 중흥동 260-82
35.176,126.92231,3,북구,북구 우산동 196-1
35.17602,126.84464,2,북구,북구 동림동 928-8
35.17606,126.89565,3,북구,북구 용봉동 1407-5
35.17612,126.91425,2,북구,북구 용봉동 158-6
35.17613,126.9144,4,북구,북구 용봉동 157-20
35.17613,126.92609,2,북구,북구 우산동 228
35.17614,126.89857,2,북구,북구 용봉동 628-10
35.17615,126.93135,4,북구,북구 두암동 581-4
35.17617,126.86539,4,북구,북구 동림동 235
35.17627,126.91931,2,북구,북구 우산동 161-3
35.17628,126.89232,4,북구,북구 용봉동 721
35.17629,126.86572,2,북구,북구 동림동 235
35.17631,126.92002,4,북구,북구 우산동 149
35.17632,126.91578,3,북구,북구 문흥동 743-12
35.17633,126.89123,3,북구,북구 용봉동 721
35.17634,126.91744,4,북구,북구 문흥동 744-1
35.17635,126.92796,4,북구,북구 두암동 821-1
35.1764,126.86647,4,북구,북구 동림동 235
35.17643,126.91419,2,북구,북구 용봉동 158-6
35.17646,126.86397,3,북구,북구 동림동 255
35.17648,126.91385,2,북구,북구 용봉동 158-19
35.17654,126.93895,2,북구,북구 두암동 31-5
35.17655,126.88156,3,북구,북구 운암동 154-16
35.17659,126.87057,3,북구,북구 운암동 885-41
35.17659,126.91578,2,북구,북구 문흥동 743-1
35.17662,126.87085,3,북구,북구 운암동 885-42
35.17666,126.91693,3,북구,북구 문흥동 743-6
35.17675,126.86469,2,북구,북구 동림동 234
35.17679,126.93311,3,북구,북구 두암동 588-5
35.1768,126.9264,3,북구,북구 우산동 213-4
35.17688,126.93534,3,북구,북구 두암동 597-1
35.17694,126.91351,4,북구,북구 용봉동 153-17
35.17694,126.93019,4,북구,북구 두암동 571-8
35.17697,126.88322,3,북구,북구 운암동 151-13
35.17697,126.89273,3,북구,북구 용봉동 1403-1
35.17706,126.89765,3,북구,북구 용봉동 1114-41
35.17709,126.8737,4,북구,북구 운암동 930-28
35.17709,126.91575,2,북구,북구 문흥동 738-27
35.1771,126.90059,3,북구,북구 용봉동 1251-10
35.17716,126.93325,3,북구,북구 두암동 588-5
35.17718,126.87033,3,북구,북구 운암동 885-3
35.17719,126.93653,2,북구,북구 두암동 595-5
35.1772,126.91241,2,북구,북구 용봉동 152-1
35.17724,126.91796,3,북구,북구 문흥동 739-4 
35.17733,126.8944,3,북구,북구 용봉동 1397-4
35.17734,126.90213,3,북구,북구 용봉동 1253-7
35.17741,126.90261,2,북구,북구 용봉동 358-9
35.17745,126.91573,3,북구,북구 용봉동 149-20
35.17748,126.93683,4,북구,북구 두암동 21-5
35.17749,126.89274,2,북구,북구 용봉동 1392-1
35.17749,126.91447,4,북구,북구 용봉동 149-19
35.17753,126.91693,4,북구,북구 문흥동 739-1
35.17755,126.93506,3,북구,북구 두암동 594-17
35.17759,126.89816,3,북구,북구 용봉동 1248-6
35.17762,126.92773,4,북구,북구 우산동 9-7
35.17772,126.89032,2,북구,북구 용봉동 729-2
35.17774,126.87258,4,북구,북구 운암동 934-29 
35.17775,126.92512,3,북구,북구 우산동 618-3
35.17779,126.89955,2,북구,북구 용봉동 1254-1
35.1778,126.91344,3,북구,북구 용봉동 150-1
35.17781,126.90077,3,북구,북구 용봉동 1250-6
35.17781,126.90303,3,북구,북구 용봉동 365
35.17781,126.9296,2,북구,북구 두암동 573-3
35.17782,126.8701,3,북구,북구 운암동 917-2
35.17782,126.89941,2,북구,북구 용봉동 1255-7
35.17783,126.8756,3,북구,북구 운암동 352-15
35.17788,126.92272,2,북구,북구 우산동 615
35.17794,126.9046,2,북구,북구 용봉동 375-3
35.17797,126.91552,2,북구,북구 용봉동 148-29
35.17802,126.90072,4,북구,북구 용봉동 1251-1
35.17803,126.87369,3,북구,북구 운암동 945-1
35.17818,126.9321,4,북구,북구 두암동 590-1
35.1782,126.92571,4,북구,북구 우산동 7-1
35.17826,126.93315,3,북구,북구 두암동 591-4
35.17831,126.92775,3,북구,북구 우산동 3-20
35.17832,126.89523,2,북구,북구 용두동 305-1
35.17832,126.9023,2,북구,북구 용봉동 1244-18
35.17835,126.91463,2,북구,북구 용봉동 148-1
35.17845,126.87455,3,북구,북구 운암동 936-9
35.17851,126.89538,4,북구,북구 용봉동 1384-2
35.17851,126.8984,4,북구,북구 용봉동 1248-34
35.17853,126.93382,3,북구,북구 두암동 592-20
35.17858,126.89004,4,북구,북구 용봉동 1075
35.1786,126.91687,4,북구,북구 문흥동 942-5
35.1786,126.92841,3,북구,북구 두암동 565-1
35.17863,126.87672,1,북구,북구 운암동 66-9
35.17864,126.9128,4,북구,북구 용봉동 151-77
35.17868,126.87516,1,북구,북구 운암동 358-7
35.17871,126.90245,2,북구,북구 용봉동 1237-13
35.17871,126.91819,2,북구,북구 우산동 633-2
35.17875,126.87369,4,북구,북구 운암동 945-1
35.17881,126.8752,5,북구,북구 운암동 358-7
35.17887,126.92293,4,북구,북구 우산동 615
35.17896,126.9421,3,북구,북구 각화동 산145-1
35.179,126.9341,4,북구,북구 각화동 178-11
35.17902,126.92346,5,북구,북구 우산동 615
35.17906,126.92965,2,북구,북구 두암동 575-1
35.17916,126.91426,4,북구,북구 용봉동 1280-4
35.17916,126.92479,4,북구,북구 문흥동 929-8
35.17917,126.94028,3,북구,북구 각화동 586
35.17922,126.87544,3,북구,북구 운암동 357-2
35.17928,126.92809,3,북구,북구 두암동 564-7
35.17934,126.91568,4,북구,북구 문흥동 945-1
35.17934,126.92797,3,북구,북구 두암동 564-1
35.17945,126.92466,3,북구,북구 문흥동 925-6
35.1795,126.87094,3,북구,북구 운암동 1020
35.17955,126.92457,3,북구,북구 문흥동 927-7
35.17956,126.87834,4,북구,북구 운암동318
35.17962,126.94542,2,북구,북구 각화동 60
35.17968,126.87813,3,북구,북구 운암동318
35.1797,126.92094,2,북구,북구 우산동 610-1
35.17974,126.92634,2,북구,북구 문흥동 190-2
35.17976,126.92646,1,북구,북구 문흥동 189-13
35.17978,126.90003,4,북구,북구 용봉동 1232-7
35.17978,126.91981,3,북구,북구 우산동 631-2
35.17979,126.89365,4,북구,북구 용봉동 1363-1
35.17984,126.92174,4,북구,북구 우산동 602-2
35.17987,126.93772,3,북구,북구 각화동 118-2
35.17988,126.89668,4,북구,북구 용봉동 1367-6
35.17988,126.92776,4,북구,북구 두암동 564-1
35.17989,126.91369,4,북구,북구 용봉동 1278-1
35.17991,126.92298,3,북구,북구 문흥동 934-6
35.17995,126.91474,2,북구,북구 문흥동 787-3
35.18001,126.93138,3,북구,북구 두암동 576-1
35.18002,126.9256,3,북구,북구 문흥동 924-2
35.18003,126.87943,2,북구,북구 운암동 316-10
35.18012,126.89898,2,북구,북구 용봉동 1231-5
35.18015,126.89686,4,북구,북구 용봉동 1368-1
35.18015,126.90277,2,북구,북구 용봉동 1227-8
35.18018,126.90289,3,북구,북구 용봉동 1234-32
35.1802,126.92105,3,북구,북구 우산동 602-1
35.18024,126.93855,2,북구,북구 각화동 149-8
35.18025,126.88044,3,북구,북구 운암동318
35.18025,126.92155,3,북구,북구 우산동 599-7 
35.18028,126.89936,2,북구,북구 용봉동 1232-1
35.18033,126.93309,4,북구,북구 각화동 570-19
35.1804,126.88884,3,북구,북구 용봉동 1048-5
35.18046,126.93021,4,북구,북구 각화동 505-11
35.18047,126.87086,4,북구,북구 운암동 1020
35.1805,126.88024,3,북구,북구 운암동318
35.18053,126.92788,3,북구,북구 두암동 563-7
35.18054,126.89836,3,북구,북구 용봉동 1231-1
35.1806,126.92289,3,북구,북구 문흥동 934-1
35.18062,126.88799,4,북구,북구 용봉동 1049
35.18063,126.91674,2,북구,북구 문흥동 787-7
35.18065,126.90419,3,북구,북구 용봉동 1209-12
35.1807,126.92687,4,북구,북구 문흥동 186-1 
35.18072,126.87291,3,북구,북구 운암동 1031-4
35.18072,126.88018,2,북구,북구 운암동 263-6
35.18078,126.87549,3,북구,북구 운암동 산94
35.18078,126.9144,4,북구,북구 문흥동 787-3
35.1808,126.90029,5,북구,북구 용봉동 1230-20
35.18085,126.89126,2,북구,북구 용봉동 1040
35.1809,126.91313,4,북구,북구 용봉동 10-58
35.181,126.9255,3,북구,북구 문흥동 920-1 앞
35.181,126.93417,2,북구,북구 각화동 514
35.18102,126.92824,3,북구,북구 두암동 560-27
35.18103,126.90156,4,북구,북구 용봉동 1225-2
35.18107,126.91874,2,북구,북구 문흥동 787-6
35.18113,126.89373,4,북구,북구 용봉동 833-1
35.18116,126.89023,2,북구,북구 용봉동 1038-1
35.18122,126.87333,1,북구,북구 운암동 1042-2
35.18124,126.90195,3,북구,북구 용봉동 1222-8
35.18132,126.9002,3,북구,북구 용봉동 1428-1
35.18137,126.8596,3,북구,북구 동림동 1331
35.18137,127.00268,4,북구,북구 충효동 529-2
35.18144,126.89305,3,북구,북구 용봉동 853-7
35.18148,127.00254,3,북구,북구 충효동 465-5
35.18159,126.93839,3,북구,북구 각화동 577-5
35.18162,126.89561,2,북구,북구 용봉동 1355-1
35.18163,126.92537,3,북구,북구 문흥동 919
35.18166,126.90767,3,북구,북구 오치동 996-22
35.18168,126.79064,3,동구,동구 산수동 484-3
35.18169,126.88304,2,북구,북구 운암동 179-6
35.18169,126.91257,3,북구,북구 용봉동 18-6
35.18176,126.89931,4,북구,북구 용봉동 1428-1
35.18176,126.90535,3,북구,북구 용봉동 1205-36
35.18176,126.93537,3,북구,북구 각화동 215
35.18179,126.92702,2,북구,북구 문흥동 872-9
35.18181,126.90332,3,북구,북구 용봉동 1216-7
35.18182,126.8992,2,북구,북구 용봉동 1428-1
35.18187,126.86951,3,북구,북구 운암동 1065-3
35.18188,126.86121,4,북구,북구 동림동 187-7
35.18189,126.8881,2,북구,북구 용봉동 1052
35.18193,126.9044,3,북구,북구 용봉동 1205-47
35.18199,126.93624,4,북구,북구 각화동 215
35.182,126.98639,3,북구,북구 덕의동 269-13
35.18206,126.87249,1,북구,북구 운암동 1040-3
35.18207,126.86886,3,북구,북구 운암동 1065-7
35.18212,126.86045,3,북구,북구 동림동 산 58-23
35.18212,126.86099,3,북구,북구 동림동 187-7
35.18212,126.91435,2,북구,북구 용봉동 1270
35.18217,126.90661,4,북구,북구 용봉동 1199-16
35.18219,126.85991,3,북구,북구 동림동 산 58-23
35.18219,126.8947,4,북구,북구 용봉동 825-3
35.1822,126.90405,5,북구,북구 용봉동 1215-7
35.18222,126.9056,3,북구,북구 용봉동 1205-25
35.18225,126.91699,3,북구,북구 문흥동 787-1
35.18227,126.92923,3,북구,북구 각화동 503-33
35.18233,126.92086,2,북구,북구 문흥동 1011-6
35.18235,126.91,3,북구,북구 용봉동 33-44
35.18236,126.87062,4,북구,북구 운암동 1038-13
35.18242,126.90228,4,북구,북구 용봉동 1152-35
35.18275,126.90332,3,북구,북구 용봉동 1152-21
35.18275,126.93784,3,북구,북구 각화동 327-3
35.18277,126.92826,2,북구,북구 문흥동 267-5
35.18278,126.87359,3,북구,북구 운암동 1051-1
35.18278,126.92482,2,북구,북구 문흥동 1011-4
35.18282,126.90528,3,북구,북구 용봉동 1204-20
35.18284,126.87461,5,북구,북구 운암동 1054-10
35.18284,126.91029,3,북구,북구 용봉동 33-10
35.18288,126.87019,2,북구,북구 운암동 1063-9
35.1829,126.91763,4,북구,북구 문흥동 1010-8
35.18305,126.87654,2,북구,북구 운암동 252
35.18305,126.92589,2,북구,북구 문흥동 1011-4
35.18308,126.93232,2,북구,북구 각화동 480-41
35.18308,126.93571,4,북구,북구 각화동 337
35.18309,126.90259,4,북구,북구 용봉동 1417-1
35.18311,126.89992,3,북구,북구 용봉동 1456
35.18316,126.93136,1,북구,북구 각화동 608
35.18322,126.87515,2,북구,북구 운암동 1056-1
35.18323,126.86699,3,북구,북구 동림동 202-2
35.18325,126.89211,2,북구,북구 용봉동 868-2
35.18331,126.91598,2,북구,북구 문흥동 1009-1 
35.18349,126.87621,2,북구,북구 운암동 252
35.18353,126.8778,3,북구,북구 운암동 1762
35.18355,126.89699,4,북구,북구 용봉동 1336-1
35.18358,126.87476,4,북구,북구 운암동 1056-1
35.18367,126.92165,3,북구,북구 문흥동 1010-5
35.18372,127.00281,3,북구,북구 충효동 411-2
35.18386,126.8965,3,북구,북구 용봉동 1335-1
35.18388,126.91692,4,북구,북구 문흥동 1009-1
35.1839,126.92114,4,북구,북구 문흥동 1010-5
35.18396,126.94081,3,북구,북구 각화동 46-1
35.18402,126.9317,3,북구,북구 각화동 437-3
35.18403,126.86709,3,북구,북구 동림동 202-1
35.18404,126.91132,3,북구,북구 오치동 985-9
35.18412,126.89601,2,북구,북구 용봉동 950-13
35.18418,126.9121,2,북구,북구 오치동 1050-1
35.18419,126.87494,2,북구,북구 운암동 1056-1
35.18422,126.92434,3,북구,북구 문흥동 995-4
35.18426,126.91505,4,북구,북구 문흥동 1009-1
35.18435,126.87252,3,북구,북구 운암동 1089-7
35.18437,126.86962,4,북구,북구 운암동 1073
35.18447,126.86804,3,북구,북구 동림동 20-1
35.1845,127.00162,3,북구,북구 충효동 439-1
35.18454,126.9039,2,북구,북구 오치동 869-6
35.18457,126.92125,2,북구,북구 문흥동 1010-3
35.18458,126.9301,3,북구,북구 문흥동 1022
35.18477,126.90525,2,북구,북구 오치동 866-17
35.18485,126.92149,2,북구,북구 문흥동 1010-3
35.18499,126.9082,3,북구,북구 오치동 989-2
35.18499,126.91323,2,북구,북구 문흥동 1009-1
35.185,126.9156,3,북구,북구 문흥동 1009-1
35.18503,126.92285,4,북구,북구 문흥동 995-6
35.18507,126.99832,2,북구,북구 충효동 918-1
35.18514,126.8685,2,북구,북구 동림동 26-8
35.18514,126.91714,2,북구,북구 오치동 1046-1
35.18515,126.86462,2,북구,북구 동림동 37-10
35.18516,126.90404,3,북구,북구 오치동 869-9
35.18516,127.00078,2,북구,북구 충효동 436-4
35.18523,126.91154,1,북구,북구 오치동 1038-1
35.18523,126.91226,2,북구,북구 오치동 1038-1
35.18527,127.00105,3,북구,북구 충효동 425-2
35.18528,126.90796,3,북구,북구 오치동 990-5
35.1853,126.87341,4,북구,북구 운암동 1181-80
35.1853,126.91862,4,북구,북구 문흥동 1010-1
35.18538,126.91674,4,북구,북구 오치동 1046-1
35.18546,126.92095,2,북구,북구 문흥동 1001-3 
35.18547,126.89932,4,북구,북구 오치동 1002
35.18551,126.92154,4,북구,북구 문흥동 1000-1
35.18552,126.86978,2,북구,북구 동림동 26-1
35.1856,126.86141,2,북구,북구 동림동 164-1
35.18564,126.91992,2,북구,북구 문흥동 1003-6
35.18565,126.91925,2,북구,북구 문흥동 1004-7
35.18568,126.92174,4,북구,북구 문흥동 1000-1
35.18569,126.90768,3,북구,북구 오치동 990-1
35.18578,126.86448,2,북구,북구 동림동 37-34
35.18579,126.91699,2,북구,북구 오치동 1046-1
35.18591,126.90047,2,북구,북구 오치동 1002
35.18591,126.91244,4,북구,북구 오치동 1038-1
35.18593,126.89969,2,북구,북구 오치동 1002
35.18593,126.92189,4,북구,북구 문흥동 997-6
35.18594,126.90802,3,북구,북구 오치동 978-7
35.18606,126.91305,3,북구,북구 오치동 1038-1
35.18609,126.89439,4,북구,북구 용봉동 1474
35.18612,126.8702,3,북구,북구 동림동 13-5
35.18612,126.90748,3,북구,북구 오치동 978-12
35.18612,126.91025,3,북구,북구 오치동 981-6
35.18618,126.8641,3,북구,북구 동림동 44-14
35.18618,126.92062,4,북구,북구 문흥동 998-1
35.18619,126.89215,4,북구,북구 매곡동 30-1
35.18621,126.91638,4,북구,북구 오치동 1046-1
35.18621,126.92201,2,북구,북구 문흥동 996-5
35.18623,126.86748,1,북구,북구 동림동 27-5
35.18627,126.90276,3,북구,북구 오치동 1006
35.18627,126.90574,3,북구,북구 오치동 968-21
35.18628,126.86301,3,북구,북구 동림동 153-6
35.18628,126.91842,4,북구,북구 문흥동 1007-11
35.18633,126.92536,3,북구,북구 문흥동 992-7
35.18634,126.91589,3,북구,북구 오치동 1045-2 
35.18635,126.92234,3,북구,북구 문흥동 996-4
35.18636,126.86654,3,북구,북구 동림동 37-54
35.18644,126.91431,3,북구,북구 오치동 1042-1
35.18646,126.86707,3,북구,북구 동림동 산34-16
35.18649,126.91025,4,북구,북구 오치동 966-14
35.18655,126.92619,2,북구,북구 문흥동 993-1
35.18676,126.90152,3,북구,북구 오치동 1003
35.1868,126.92715,4,북구,북구 문흥동 987-10
35.18685,126.90278,1,북구,북구 오치동 972-13
35.18716,126.92022,2,북구,북구 문흥동 955-1
35.1872,126.9088,2,북구,북구 오치동 961-17
35.18721,126.86522,3,북구,북구 동림동 1149-1
35.18724,126.91698,3,북구,북구 오치동 1028-15 
35.18727,126.92454,3,북구,북구 문흥동 990-1
35.18728,126.86766,4,북구,북구 동림동 1157-1
35.18734,126.92534,4,북구,북구 문흥동 990-1
35.18736,126.89439,3,북구,북구 용봉동 1461
35.18743,126.88892,3,북구,북구 매곡동 385
35.18745,126.91502,2,북구,북구 오치동 1029-6
35.18759,126.93359,1,북구,북구 문흥동 97-1
35.18766,126.91878,2,북구,북구 문흥동 949-16
35.18766,126.92004,3,북구,북구 문흥동 949-8
35.1877,126.91066,2,북구,북구 오치동 963-32
35.18772,126.86801,2,북구,북구 동림동 1157-1
35.18776,126.90938,3,북구,북구 오치동 962-16
35.18786,126.90523,4,북구,북구 오치동 945-1
35.18788,126.9248,4,북구,북구 문흥동 989-18
35.18789,126.9037,4,북구,북구 오치동 947-7
35.1879,126.9273,2,북구,북구 문흥동 985-2
35.18791,126.91505,4,북구,북구 오치동 1018-2
35.18795,126.89976,3,북구,북구 오치동 762
35.18798,126.90247,4,북구,북구 오치동 948-11
35.18798,126.92668,3,북구,북구 문흥동 985-1
35.18801,126.89199,3,북구,북구 매곡동 45-18
35.18804,126.91756,3,북구,북구 문흥동 947-2
35.18806,126.88878,2,북구,북구 매곡동 339
35.18807,126.8679,3,북구,북구 동림동 1158-1
35.18808,126.88937,2,북구,북구 매곡동 369-8
35.18811,126.9171,2,북구,북구 오치동 5-10
35.18813,126.89002,2,북구,북구 매곡동 339
35.18817,126.86602,4,북구,북구 동림동 1147-4
35.18821,126.9148,3,북구,북구 오치동 1018-1
35.18824,126.89194,3,북구,북구 매곡동 45-11
35.18827,126.91072,3,북구,북구 오치동 963-1
35.18829,126.91039,3,북구,북구 오치동 934-1
35.18838,126.86941,2,북구,북구 동림동 1161-2
35.18839,126.86837,2,북구,북구 동림동 1159-2
35.18839,126.89998,3,북구,북구 오치동 861-45
35.18846,126.92144,4,북구,북구 문흥동 963-11
35.18851,126.88939,4,북구,북구 매곡동 339
35.1886,126.9104,5,북구,북구 오치동 936-8
35.1886,126.91222,4,북구,북구 오치동 1024-1
35.18864,126.86477,2,북구,북구 동림동 1147-3
35.18865,126.92718,4,북구,북구 문흥동 984-1
35.18868,126.88999,2,북구,북구 매곡동 339
35.1887,126.86885,3,북구,북구 동림동 1159-1
35.18873,126.89299,3,북구,북구 매곡동 46-3
35.18878,126.90746,4,북구,북구 오치동 943-13
35.18889,126.90302,3,북구,북구 오치동 946-16
35.1889,126.9037,2,북구,북구 오치동 946-10
35.18891,126.91411,3,북구,북구 오치동 1011-9
35.18892,126.90423,4,북구,북구 오치동 945-1
35.18894,126.86292,2,북구,북구 동림동 138-1
35.18896,126.92056,2,북구,북구 문흥동 961-1
35.18905,126.90386,3,북구,북구 오치동 946-9
35.18914,126.89356,3,북구,북구 매곡동 93-8
35.18919,126.89438,2,북구,북구 매곡동 214-19
35.18926,126.92147,4,북구,북구 문흥동 962-1
35.1893,126.92223,5,북구,북구 문흥동 962-1
35.18931,126.92674,3,북구,북구 문흥동 979-1
35.18941,126.90623,4,북구,북구 오치동 944-4
35.18944,126.90769,3,북구,북구 오치동 927-1
35.18946,126.90457,3,북구,북구 오치동 920-12
35.1895,126.9008,3,북구,북구 오치동 862-37
35.18956,126.9136,3,북구,북구 오치동 1011-13
35.18956,126.92857,3,북구,북구 문흥동 977-4
35.18957,126.93115,2,북구,북구 문흥동 88-6
35.18974,126.92125,3,북구,북구 문흥동 965-14
35.18995,126.90377,3,북구,북구 오치동 920-20
35.19002,126.92385,2,북구,북구 문흥동 972-2
35.19009,126.92765,3,북구,북구 문흥동 974-2
35.1901,126.89001,3,북구,북구 매곡동 320-4
35.19011,126.89199,2,북구,북구 매곡동 산55-19
35.19046,126.90197,3,북구,북구 오치동 883-13
35.1905,126.9003,3,북구,북구 오치동 861-5
35.1905,126.9022,1,북구,북구 오치동 918-1
35.19067,126.86454,3,북구,북구 동림동 1146-1
35.19082,126.92133,2,북구,북구 문흥동 970-1
35.19086,126.92289,2,북구,북구 문흥동 966-1
35.1909,126.89338,2,북구,북구 매곡동 214-10
35.1909,126.90691,2,북구,북구 오치동 630
35.191,126.90377,4,북구,북구 오치동 917-24
35.19113,126.89562,2,북구,북구 매곡동 119-15
35.1912,126.92414,2,북구,북구 문흥동 971-1
35.19122,126.8908,3,북구,북구 매곡동 83-3
35.19125,126.9035,4,북구,북구 오치동 913-19
35.19142,126.90264,2,북구,북구 오치동 911-5
35.19143,126.89084,2,북구,북구 매곡동 83-3
35.19147,126.90084,4,북구,북구 오치동 884
35.19156,126.86574,3,북구,북구 동림동 1146-2
35.19176,126.90873,3,북구,북구 오치동 256-3
35.19177,126.89458,2,북구,북구 매곡동 138
35.19184,126.92474,3,북구,북구 문흥동 971-1
35.19202,126.8923,3,북구,북구 매곡동 280-10
35.19203,126.8896,3,북구,북구 매곡동 274-5
35.19245,126.86628,3,북구,북구 동림동 1146-1
35.19299,126.91685,3,북구,북구 오치동 109
35.19317,126.90049,2,북구,북구 오치동 857-19
35.19363,126.8935,5,북구,북구 매곡동 206-1
35.1938,126.90228,1,북구,북구 삼각동 755-49
35.19383,126.89478,2,북구,북구 매곡동 206-1
35.19383,126.9022,3,북구,북구 삼각동 755-49
35.19396,126.89964,3,북구,북구 삼각동 753-30
35.19424,126.89442,4,북구,북구 매곡동 206-1
35.19444,126.89282,3,북구,북구 매곡동 222-5
35.19468,126.87702,3,북구,광주 북구 양산동 620-33
35.19483,126.90176,4,북구,북구 삼각동 753-52
35.19488,126.89633,2,북구,북구 삼각동 672-5
35.19491,126.89808,2,북구,북구 삼각동 546-2
35.19501,126.8687,2,북구,북구 연제동 217-10
35.19504,126.8809,3,북구,광주 북구 양산동 405-12
35.19521,126.87135,4,북구,북구 연제동 47-4
35.19569,126.86769,3,북구,북구 연제동 1108
35.19572,126.87619,3,북구,북구 양산동 620-89
35.1959,126.89886,3,북구,북구 삼각동 524
35.19595,126.87055,3,북구,북구 연제동 1009
35.19595,126.88379,2,북구,광주 북구 양산동 산 77-6
35.19613,126.87315,1,북구,북구 양산동 688
35.19625,126.8744,2,북구,북구 양산동 688
35.19634,126.87381,4,북구,북구 양산동 688
35.19667,126.90008,4,북구,북구 삼각동 838
35.19685,126.9011,3,북구,북구 삼각동 574-9
35.19696,126.87673,2,북구,광주 북구 양산동 408-1
35.19706,126.8748,2,북구,북구 양산동 367-12
35.1971,126.87242,4,북구,북구 양산동 688
35.19732,126.86924,2,북구,북구 연제동 57-8
35.1975,126.95357,2,북구,북구 망월동 343-8
35.19768,126.87327,2,북구,북구 양산동 653
35.19774,126.88322,3,북구,광주 북구 양산동414
35.19776,126.86141,4,북구,북구 연제동 1054
35.19776,126.8811,4,북구,광주 북구 양산동 402-3
35.19783,126.85862,3,북구,북구 연제동 1020
35.19784,126.87776,2,북구,광주 북구 양산동 414
35.19786,126.87075,4,북구,북구 연제동 36-1
35.19822,126.87277,4,북구,북구 양산동 660-41
35.19822,126.90036,3,북구,북구 삼각동 489-3
35.19824,126.87355,2,북구,북구 양산동 660-98
35.19847,126.90062,3,북구,북구 삼각동 489-11
35.1987,126.90273,3,북구,북구 삼각동 817-9
35.19884,126.89956,3,북구,북구 삼각동 792-1
35.19893,126.89998,3,북구,북구 삼각동 791-2
35.19899,126.90457,3,북구,북구 삼각동 163-4
35.19952,126.90194,3,북구,북구 삼각동 817-2
35.19961,126.90478,3,북구,북구 삼각동 161-1
35.19972,126.87141,3,북구,북구 연제동 33-46
35.19977,126.87323,3,북구,북구 양산동 660-71
35.19992,126.89913,3,북구,북구 삼각동 791-1
35.20002,126.86125,2,북구,북구 연제동 1059
35.20028,126.89542,2,북구,북구 삼각동 770-2
35.20031,126.90042,4,북구,북구 삼각동 793-1
35.20037,126.85676,2,북구,북구 연제동 1020
35.20051,126.90155,3,북구,북구 삼각동 810-5
35.20053,126.90115,3,북구,북구 삼각동 793-1
35.20056,126.8606,4,북구,북구 연제동 1059
35.20057,126.86409,3,북구,북구 연제동 1025
35.20061,126.89587,3,북구,북구 삼각동 773-7
35.20061,126.89731,3,북구,북구 삼각동 782-1
35.20067,126.8662,2,북구,북구 연제동 1075
35.20071,126.86914,4,북구,북구 연제동 29-4
35.20074,126.90651,2,북구,북구 삼각동 228
35.20078,126.86545,3,북구,북구 연제동 1074
35.20087,126.8811,3,북구,광주 북구 양산동 401-6
35.20097,126.87492,3,북구,광주 북구 양산동330-3
35.20098,126.89734,3,북구,북구 삼각동 777-2
35.201,126.90122,2,북구,북구 삼각동 809-9
35.20106,126.89649,3,북구,북구 삼각동 777-1
35.20152,126.8958,3,북구,북구 삼각동 772-2
35.20201,126.89894,2,북구,북구 삼각동 801-5
35.20211,126.85662,2,북구,북구 연제동 1017
35.2022,126.95408,3,북구,북구 망월동 521
35.20256,126.89564,2,북구,북구 일곡동 848-3
35.20285,126.89847,3,북구,북구 일곡동 840-5
35.2029,126.89646,2,북구,북구 일곡동 848-3
35.20402,126.89834,3,북구,북구 일곡동 831-1
35.20429,126.87235,2,북구,북구 양산동 288-3
35.20442,126.87049,4,북구,북구 연제동 478-184 
35.20447,126.86755,4,북구,북구 연제동 398-68
35.20472,126.8732,3,북구,북구 양산동 287-1
35.20479,126.8819,3,북구,북구 일곡동 753-1
35.20488,126.86267,3,북구,북구 연제동 1038
35.20495,126.85884,4,북구,북구 연제동 1032
35.20497,126.86447,4,북구,북구 연제동 1042
35.20501,126.93188,3,북구,북구 장등동 산231-1
35.20502,126.90149,2,북구,북구 삼각동 434
35.20506,126.86966,3,북구,북구 연제동 478-133
35.2051,126.89953,3,북구,북구 일곡동 827-1
35.20525,126.89616,3,북구,북구 일곡동 849-8
35.2054,126.87285,2,북구,북구 양산동 284-53
35.20552,126.86893,3,북구,북구 연제동 478-96
35.20556,126.89948,3,북구,북구 일곡동 825-1
35.20565,126.87028,2,북구,북구 연제동 478-206
35.20565,126.89752,2,북구,북구 일곡동 849-6
35.20574,126.90321,2,북구,북구 삼각동 285
35.2058,126.87179,3,북구,북구 양산동 283-28
35.2058,126.95065,4,북구,북구 망월동 895
35.20584,126.87458,3,북구,북구 양산동 1090
35.20597,126.89802,2,북구,북구 일곡동 820-2
35.20601,126.90078,3,북구,북구 일곡동 823-2
35.20602,126.89287,2,북구,북구 일곡동 890-1
35.20604,126.88037,3,북구,북구 양산동 1082
35.20604,126.89927,4,북구,북구 일곡동 822-1 미니스톱
35.20606,126.89683,2,북구,북구 일곡동 849-7
35.2061,126.88291,4,북구,북구 일곡동 753-74
35.20614,126.85856,3,북구,북구 연제동 1011
35.20618,126.86431,3,북구,북구 연제동 1030
35.2062,126.87084,2,북구,북구 연제동 478-56
35.20622,126.89336,4,북구,북구 일곡동 890-1
35.20625,126.95123,2,북구,북구 망월동 895
35.20642,126.89433,4,북구,북구 일곡동 890-1
35.20645,126.89838,3,북구,북구 일곡동 820-2
35.20651,126.89797,1,북구,북구 일곡동 820-2
35.20657,126.89125,2,북구,북구 일곡동 902-1
35.20657,126.90857,3,북구,북구 삼각동 397-7
35.2067,126.87964,3,북구,북구 양산동 1071
35.20704,126.89161,3,북구,북구 일곡동 899-1
35.20705,126.90599,2,북구,북구 삼각동 394-3
35.20708,126.89772,2,북구,북구 일곡동 820-1
35.2071,126.87157,4,북구,북구 양산동 283-1
35.20726,126.88995,4,북구,북구 일곡동 911-3
35.2073,126.89836,4,북구,북구 일곡동 820-1
35.20732,126.87813,2,북구,북구 양산동 1006
35.20736,126.86897,4,북구,북구 연제동 483-77
35.20738,126.88109,2,북구,북구 양산동 57-60
35.2074,126.87077,3,북구,북구 연제동 2-7
35.20756,126.86438,4,북구,북구 신용동 860
35.20757,126.89916,3,북구,북구 일곡동 820-1
35.20764,126.89679,1,북구,북구 일곡동 849-2
35.20766,126.89929,2,북구,북구 일곡동 820-1
35.20775,126.87651,4,북구,북구 양산동 984
35.20784,126.88073,4,북구,북구 양산동 928
35.20785,126.89324,3,북구,북구 일곡동 278-1
35.20785,126.89486,3,북구,북구 일곡동 850-1
35.20791,126.89139,3,북구,북구 일곡동 345
35.20794,126.87192,4,북구,북구 양산동 254-35
35.20805,126.89512,2,북구,북구 일곡동 850-1
35.20811,126.87946,3,북구,북구 양산동 1039
35.20818,126.86128,2,북구,북구 신용동 680
35.20829,126.89477,3,북구,북구 일곡동 850-1
35.20839,126.87284,2,북구,북구 양산동 254-117
35.20839,126.88131,4,북구,북구 양산동 928
35.20843,126.89316,2,북구,북구 일곡동 268-3
35.20851,126.89276,3,북구,북구 일곡동 917-1
35.20852,126.89252,2,북구,북구 일곡동 919-1
35.20855,126.86769,2,북구,북구 연제동 566-5
35.20855,126.8677,2,북구,북구 신용동 624-65
35.20865,126.86127,3,북구,북구 신용동 680
35.20869,126.87741,2,북구,북구 양산동 104
35.20897,126.87823,3,북구,북구 양산동 101
35.20902,126.88161,2,북구,북구 양산동 927
35.20913,126.87218,4,북구,북구 양산동 254-12
35.2092,126.88053,4,북구,북구 양산동 928
35.20931,126.89471,2,북구,북구 일곡동 850-1
35.2094,126.8954,2,북구,북구 일곡동 850-1
35.20953,126.87673,3,북구,북구 양산동 837
35.20967,126.8771,4,북구,북구 양산동 164
35.20972,126.89918,3,북구,북구 일곡동 818-2
35.20981,126.87044,2,북구,북구 신용동 624-58
35.20993,126.89306,3,북구,북구 일곡동 406-1
35.20993,126.89501,2,북구,북구 일곡동 850-1
35.20994,126.85877,5,북구,북구 신용동 661
35.20994,126.86624,2,북구,북구 신용동 492-10
35.20999,126.89549,2,북구,북구 일곡동 850-1
35.21003,126.8648,3,북구,북구 신용동 745
35.21003,126.86591,2,북구,북구 신용동 760
35.2101,126.87321,3,북구,북구 양산동 249-28
35.21014,126.85786,2,북구,북구 신용동 470-4
35.21016,126.8707,3,북구,북구 양산동 249-78
35.21023,126.8565,2,북구,북구 신용동 649
35.21023,126.85832,4,북구,북구 신용동 660
35.21026,126.86501,4,북구,북구 신용동 741
35.21033,126.89217,4,북구,북구 일곡동 868-8
35.21039,126.8824,3,북구,북구 양산동 769
35.21042,126.85729,4,북구,북구 신용동 661
35.21045,126.87583,4,북구,북구 양산동 814
35.2105,126.8646,2,북구,북구 신용동 740
35.21052,126.89483,2,북구,북구 일곡동 814-5
35.21053,126.86592,4,북구,북구 신용동 742
35.2108,126.88265,2,북구,북구 양산동 764
35.21081,126.88109,3,북구,북구 양산동 765
35.21082,126.88218,3,북구,북구 양산동 764
35.21084,126.85827,3,북구,북구 신용동 658
35.21101,126.89177,2,북구,북구 일곡동 857-1
35.21102,126.87985,3,북구,북구 양산동 715-2
35.21106,126.87099,2,북구,북구 용두동 311-36
35.2111,126.89502,4,북구,북구 일곡동 814-5
35.21131,126.89442,2,북구,북구 일곡동 814-5
35.21165,126.88408,3,북구,북구 본촌동 3080
35.21169,126.94362,3,북구,북구 장등동 50-1
35.21174,126.87811,3,북구,북구 양산동 209-2
35.21198,126.87436,3,북구,북구 양산동 244-6
35.21202,126.87638,3,북구,북구 양산동 209-166
35.21204,126.89837,4,북구,북구 일곡동 817-1
35.21212,126.86751,3,북구,북구 신용동 541
35.21218,126.9492,2,북구,북구 망월동 1166-7
35.21221,126.87949,4,북구,북구 양산동 695
35.2123,126.89293,1,북구,북구 일곡동 470
35.2124,126.89284,1,북구,북구 일곡동 470
35.2124,126.8979,1,북구,북구 일곡동 817-1
35.21243,126.89778,2,북구,북구 일곡동 817-1
35.21247,126.86206,3,북구,북구 신용동 670
35.21249,126.8812,3,북구,북구 본촌동 3073
35.21263,126.8772,3,북구,북구 양산동 209-91
35.21269,126.8934,1,북구,북구 일곡동 140
35.21272,126.90031,2,북구,북구 일곡동 816-2
35.21286,126.8738,2,북구,북구 용두동 333-19
35.21296,126.89711,2,북구,북구 일곡동 814-2
35.2132,126.87516,2,북구,북구 용두동 276-4
35.21322,126.89699,2,북구,북구 일곡동 814-1
35.21323,126.85808,3,북구,북구 신용동 350-3
35.21345,126.8583,4,북구,북구 신용동 649
35.21359,126.8716,4,북구,북구 용두동 324
35.21382,126.8978,3,북구,북구 일곡동 815-3
35.21388,126.8792,3,북구,북구 본촌동 3040
35.21401,126.8753,2,북구,북구 용두동 276-2
35.21408,126.88192,4,북구,북구 본촌동 3057
35.21418,126.86585,3,북구,북구 신용동 486-5
35.21429,126.87324,3,북구,북구 용두동 334-6
35.21449,126.93322,4,북구,북구 장등동 240-1
35.21469,126.86675,3,북구,북구 신용동 62-27
35.21478,126.86326,4,북구,북구 신용동 476-21
35.21478,126.87354,3,북구,북구 용두동 353
35.2148,126.88058,3,북구,북구 본촌동 2999
35.21488,126.90774,2,북구,북구 일곡동 산23-2
35.21496,126.87086,4,북구,북구 신용동 642-1
35.21497,126.88037,3,북구,북구 본촌동 2990
35.21499,126.87703,4,북구,북구 용두동 산43-25
35.21509,126.88157,4,북구,북구 본촌동 2999
35.2151,126.88069,2,북구,북구 본촌동 2990
35.2152,126.8823,3,북구,북구 본촌동 2999
35.21525,126.88405,3,북구,북구 본촌동 3076
35.21538,126.8617,2,북구,북구 신용동 476-21
35.2155,126.87122,4,북구,북구 신용동 642-1
35.21557,126.87302,3,북구,북구 용두동 419
35.21631,126.89417,4,북구,북구 일곡동 482-7
35.21643,126.89521,2,북구,북구 일곡동 480-1
35.21688,126.89399,2,북구,북구 일곡동 482 
35.21747,126.86753,2,북구,북구 신용동 산8-6
35.21768,126.8811,4,북구,북구 본촌동 2865
35.21785,126.87963,2,북구,북구 본촌동 2849
35.21808,126.86772,3,북구,북구 신용동 산8-6
35.21831,126.86454,2,북구,북구 신용동 192-1
35.21832,126.86435,3,북구,북구 신용동 192-1
35.21843,126.86785,2,북구,북구 신용동 산8-6
35.21855,126.85692,2,북구,북구 오룡동 1113
35.21859,126.86411,2,북구,북구 신용동 639-4
35.21869,126.86446,2,북구,북구 신용동 639-4
35.21899,126.88032,3,북구,북구 본촌동 322
35.21908,126.86447,2,북구,북구 신용동 639-4
35.21914,126.86495,2,북구,북구 신용동 639-4
35.21964,126.85737,3,북구,북구 오룡동 1113
35.21969,126.85504,2,북구,북구 오룡동 1113
35.21992,126.87516,3,북구,북구 용두동 164-1
35.22002,126.85824,2,북구,북구 오룡동 1113
35.22014,126.85578,3,북구,북구 오룡동 1113
35.22019,126.87502,4,북구,북구 용두동 164-1
35.2202,126.85819,2,북구,북구 오룡동 1113
35.22036,126.85907,2,북구,북구 오룡동 1116
35.22062,126.85459,3,북구,북구 오룡동 1113
35.22067,126.8799,3,북구,북구 본촌동 772-2
35.22068,126.85905,2,북구,북구 오룡동 1113
35.22074,126.87602,4,북구,북구 용두동 166-2
35.22079,126.87394,2,북구,북구 용두동 555-4
35.22106,126.85847,3,북구,북구 오룡동 1113
35.2213,126.87567,3,북구,북구 용두동 191-5
35.22153,126.85695,2,북구,북구 오룡동 1113
35.22157,126.85448,3,북구,북구 오룡동 1113
35.22226,126.85641,2,북구,북구 대촌동 962
35.22269,126.84873,3,북구,북구 오룡동 1110-12
35.22326,126.94638,2,북구,북구 운정동 418-1
35.22372,126.85901,2,북구,북구 대촌동 959-47
35.22444,126.90195,3,북구,북구 생용동 59-1
35.22513,126.85124,3,북구,북구 오룡동 1110-13
35.22537,126.91345,1,북구,북구 효령동 산45
35.22567,126.89315,3,북구,북구 생용동 637
35.22618,126.85281,1,북구,북구 오룡동 1110-38
35.22641,126.85993,2,북구,북구 대촌동 959-13
35.22673,126.94514,3,북구,북구 운정동 236-1
35.22794,126.89537,3,북구,북구 지야동 19-3
35.2284,126.86096,1,북구,북구 대촌동 958-3
35.22852,126.85316,4,북구,북구 오룡동 1120
35.22873,126.8577,4,북구,북구 대촌동 958-18
35.22879,126.8567,1,북구,북구 대촌동 957
35.22952,126.89245,4,북구,북구 지야동 809-10
35.22966,126.88548,3,북구,북구 지야동 340
35.22972,126.85176,1,북구,북구 오룡동 1109-4
35.23028,126.92083,3,북구,북구 효령동 산60-6
35.23097,126.86348,3,북구,북구 대촌동 953
35.23105,126.88636,2,북구,북구 지야동 357-2
35.23134,126.88577,4,북구,북구 지야동 340
35.2322,126.88341,3,북구,북구 지야동 260
35.23256,126.84899,4,북구,북구 오룡동 479-2
35.23256,126.85036,1,북구,북구 오룡동 1109-4
35.2327,126.86198,4,북구,북구 월출동 976-1
35.23281,126.84995,2,북구,북구 오룡동 479-2
35.23286,126.84693,2,북구,북구 오룡동 1-7
35.23323,126.90441,3,북구,북구 생용동 475-3
35.23359,126.84983,4,북구,북구 오룡동 1112-1
35.23521,126.90292,4,북구,북구 생용동 243-8
35.2355,126.85447,3,북구,북구 월출동 979-22
35.23616,126.85693,2,북구,북구 대촌동 952-2
35.23709,126.89482,3,북구,북구 용전동 833-1
35.23735,126.86556,4,북구,북구 월출동 970-103
35.23736,126.87806,3,북구,북구 지야동 777-1
35.23743,126.87844,3,북구,북구 지야동 777-1
35.2375,126.86139,3,북구,북구 월출동 970-4
35.23817,126.89557,2,북구,북구 용전동 807-2
35.23849,126.86395,2,북구,북구 월출동 972
35.23856,126.86996,3,북구,북구 월출동 560-8
35.23858,126.89696,3,북구,북구 용전동 618-2
35.23872,126.89296,3,북구,북구 용전동 1223-39
35.23877,126.86334,1,북구,북구 월출동 970-1
35.23995,126.86857,2,북구,북구 월출동 965-1
35.2403,126.8975,4,북구,북구 용전동 223-1
35.24042,126.9003,3,북구,북구 용전동 1194-25
35.24138,126.86993,2,북구,북구 월출동 542
35.24176,126.87226,2,북구,북구 월출동 488-2
35.24185,126.91123,4,북구,북구 효령동 622
35.24228,126.89795,4,북구,북구 용전동 440-4 
35.243,126.87601,2,북구,북구 월출동 51-4
35.24334,126.88653,3,북구,북구 용전동 1039
35.24368,126.9231,3,북구,북구 수곡동 316-2
35.2443,126.91771,2,북구,북구 수곡동 365-2
35.24436,126.91495,4,북구,북구 효령동 396-4
35.24486,126.9152,2,북구,북구 효령동 283-2
35.24488,126.9204,3,북구,북구 수곡동 207
35.24552,126.8847,4,북구,북구 용전동 1113-12
35.24594,126.91921,3,북구,북구 수곡동 521-22
35.24641,126.91402,4,북구,북구 효령동 396-4
35.24642,126.87336,4,북구,북구 월출동 6-6
35.24827,126.896,4,북구,북구 용강동 721
35.25059,126.90339,3,북구,북구 용강동 696
35.25067,126.92962,4,북구,북구 태령동 29
35.25074,126.89622,3,북구,북구 용강동 744-2
35.25094,126.92657,2,북구,북구 태령동 346
35.25272,126.91704,3,북구,북구 용강동 197-1
35.25281,126.91742,2,북구,북구 용강동 196-13
