id,lat,lon
422544678,35.132507,126.928448
13917435212,35.131769,126.928790
4729246087,35.132329,126.928003
436867991,35.133192,126.928120
436486772,35.134962,126.916989
12543057078,35.135132,126.917231
3269962010,35.135027,126.916925
12430453949,35.134390,126.917398
436486781,35.142468,126.920530
6356535020,35.142591,126.920875
10974260336,35.142264,126.919996
8690512569,35.144118,126.919770
4654752865,35.143354,126.920870
2624307154,35.141788,126.921017
436486782,35.144860,126.919527
6356535053,35.144733,126.919511
4780266013,35.145284,126.920596
1212814415,35.145737,126.919120
436486785,35.146763,126.918617
13050545588,35.146782,126.918636
2859367807,35.146781,126.918476
4814534779,35.146685,126.918681
436486786,35.147918,126.918776
824103424,35.147773,126.918877
1212813901,35.148248,126.919218
1212814237,35.148327,126.918121
436535492,35.146940,126.927655
5267185959,35.146643,126.928321
3315759768,35.146997,126.927513
1212780482,35.147810,126.928258
4561700364,35.146231,126.927184
436781776,35.135353,126.921751
436781779,35.135662,126.922395
3042647333,35.134817,126.920690
3042647347,35.136533,126.921027
4805609259,35.134980,126.922032
9125391877,35.136384,126.923783
13917435250,35.134092,126.923850
12852795417,35.136329,126.922004
436826869,35.141426,126.917812
4778114322,35.141629,126.918344
5746993016,35.141157,126.917227
11012101451,35.142388,126.916961
10959645026,35.140495,126.918572
436826870,35.141944,126.919191
4806750939,35.142117,126.919626
10959645162,35.141721,126.918594
11118155807,35.142380,126.918932
10974260525,35.141551,126.919544
436830059,35.132672,126.917804
12430453963,35.132709,126.917798
4797484283,35.132222,126.917862
1212906700,35.132627,126.917257
436837030,35.147790,126.936833
4561700432,35.148042,126.936856
4561700410,35.147839,126.936745
4561700406,35.147679,126.936841
436837211,35.144595,126.924578
13089335755,35.144536,126.924539
13089335759,35.144753,126.924682
13089335721,35.144770,126.924191
4780265979,35.144265,126.925362
436837215,35.145753,126.921912
13056485374,35.145540,126.921836
13052475516,35.145976,126.921909
13056485376,35.145707,126.921643
13056485371,35.145875,126.922204
13056485370,35.145639,126.922174
436844180,35.133961,126.918992
4634312112,35.134263,126.919590
12430453957,35.134381,126.918670
4797484282,35.132111,126.919212
4777956789,35.133449,126.917998
436844206,35.132078,126.917878
4777956790,35.131487,126.917987
4785406905,35.132048,126.917474
436853807,35.143023,126.921982
4818188217,35.143295,126.922633
10902011870,35.143000,126.921925
4654752870,35.143576,126.921870
436853808,35.143915,126.924100
436853809,35.143945,126.924149
4631253777,35.143866,126.924006
4654752863,35.144345,126.923746
4631736506,35.144212,126.925492
13089335727,35.144312,126.924392
436853894,35.147409,126.926498
11752323726,35.146964,126.926194
4780265829,35.147487,126.926305
4854697793,35.147775,126.926692
436854077,35.145889,126.916592
4500091112,35.146088,126.917011
13056485455,35.145815,126.916441
13056485456,35.145850,126.916633
13056485457,35.145957,126.916523
436860896,35.138529,126.918279
11230541411,35.138872,126.918019
12382454546,35.138672,126.918532
12382454543,35.138418,126.918075
436860897,35.138970,126.919070
436860898,35.139245,126.919587
436874975,35.137697,126.920140
4778114339,35.139701,126.918456
4634340444,35.138519,126.920214
10958477293,35.139375,126.919820
10958477367,35.139845,126.919088
436860900,35.140550,126.921998
1212814149,35.139999,126.920948
4634340446,35.140488,126.922045
10902011902,35.141064,126.921585
3071560224,35.133178,126.928267
12430342695,35.132899,126.927569
13457517951,35.135084,126.926802
436867992,35.132936,126.929784
4805609253,35.132978,126.929524
4777923593,35.132864,126.930231
9901815100,35.133269,126.929810
436867995,35.132108,126.935091
4806013520,35.132293,126.935086
4693716452,35.132188,126.934394
4785413164,35.132042,126.936169
436868001,35.131645,126.924938
436868003,35.131904,126.925654
4813456781,35.131349,126.924154
3663907274,35.133396,126.923678
13903377568,35.131756,126.924075
436879269,35.132518,126.926784
4729246086,35.131614,126.925808
436871730,35.148206,126.921894
13052475517,35.148231,126.921961
13052475511,35.148280,126.921906
13052475512,35.148171,126.921890
436873187,35.145561,126.930839
4561700382,35.145638,126.930571
436873188,35.145600,126.930967
10308876889,35.145526,126.930916
11133303276,35.147073,126.931903
436873190,35.148022,126.932510
5693184497,35.148248,126.931922
1212780343,35.147154,126.931954
4806750895,35.148228,126.932604
436873294,35.147737,126.934034
4806750892,35.147902,126.934085
1212766078,35.147756,126.934595
2389138035,35.137546,126.920270
8690512269,35.137375,126.919734
2382901071,35.132041,126.927140
436879271,35.133312,126.917689
12430454082,35.133084,126.917730
1212906753,35.133559,126.917640
436879382,35.132560,126.932120
4806013494,35.131798,126.932134
11799348555,35.132600,126.931872
4785413191,35.132521,126.932393
13056485379,35.147696,126.918768
891518044,35.147144,126.918007
4800954620,35.146819,126.917333
4475060008,35.147429,126.918392
4475060010,35.147381,126.917679
13056485462,35.146835,126.918406
1212766054,35.148841,126.923342
12872460839,35.148299,126.924110
13052475520,35.148816,126.923287
1212766074,35.148883,126.932867
5684601221,35.148982,126.932266
4806750886,35.148747,126.932812
1212780317,35.147703,126.935285
4806750896,35.147637,126.934689
12491726316,35.148051,126.934653
1212766105,35.148819,126.930432
1212780557,35.148562,126.931086
4561700398,35.148851,126.930351
1212780148,35.147861,126.930665
1212780406,35.147526,126.931452
4561700391,35.148082,126.930160
1212780222,35.148212,126.929863
4561700395,35.148103,126.930112
1212780324,35.148379,126.929416
1212780490,35.148975,126.930026
1212780256,35.147261,126.929616
4806750912,35.147325,126.929433
8690512298,35.146706,126.928435
4561700389,35.147317,126.929845
4780265919,35.147672,126.935998
4821601822,35.148430,126.929109
4821601817,35.147667,126.929045
4561700394,35.147149,126.931570
4561700393,35.147642,126.931535
1212780552,35.147153,126.931222
1212780433,35.145873,126.930047
4561700384,35.145503,126.929809
4561700388,35.146058,126.929632
12851177175,35.146998,126.930147
1212780438,35.146223,126.929261
4561700381,35.145612,126.928853
4561700377,35.146606,126.928403
1212780443,35.148376,126.931575
5313522364,35.147708,126.928506
1212780542,35.148499,126.928760
1212780517,35.145985,126.927016
4561700368,35.145853,126.927301
4561700361,35.145224,126.926563
1212780520,35.145246,126.928609
6821621112,35.145114,126.928894
4561700367,35.145643,126.927761
4561700362,35.144536,126.928134
1212780590,35.144493,126.930224
4806750810,35.144925,126.930505
4806750816,35.144602,126.929940
4659169734,35.144019,126.930029
1212780591,35.144868,126.929402
4806750820,35.144927,126.929442
4561700387,35.145088,126.928950
6821621116,35.144656,126.929265
12819746069,35.148338,126.919346
1212814436,35.148733,126.918679
1212814088,35.144072,126.917931
4778114321,35.144329,126.918562
4805079361,35.143513,126.918274
4805079346,35.145136,126.917296
5227330101,35.143859,126.916361
1212814110,35.148850,126.925785
1212814343,35.148852,126.925058
5684856643,35.147960,126.925196
10950826747,35.139865,126.920704
10945738324,35.139720,126.921228
10959626153,35.140423,126.920556
13056485380,35.148258,126.918040
11446558650,35.148792,126.917435
5290951478,35.148678,126.924930
1212814345,35.145313,126.917147
4820111460,35.145221,126.917131
4820111459,35.145296,126.917287
1212814365,35.148148,126.924380
13192522669,35.148384,126.924625
13052475506,35.148114,126.924348
13056485368,35.145708,126.918992
4814534780,35.145835,126.919076
1212906655,35.133511,126.917106
10781742730,35.133243,126.917145
12543057048,35.133712,126.917076
1212906658,35.137888,126.917096
8690512267,35.138168,126.917615
5746992794,35.137794,126.916814
4764282351,35.138670,126.916804
5688824319,35.137284,126.917344
1212906890,35.133064,126.917177
1212906768,35.139769,126.917258
4778114330,35.139746,126.917278
4805079368,35.139498,126.916771
1212906910,35.140202,126.918038
4805079363,35.139947,126.916935
1212906801,35.136012,126.917879
5693348193,35.135898,126.917913
5746992399,35.136088,126.917849
5746992366,35.135421,126.917006
8690512264,35.136769,126.918924
1212906819,35.137184,126.917383
4634312164,35.136677,126.917593
5938871729,35.136906,126.916540
1212906847,35.135748,126.917963
3269962012,35.135656,126.917978
2389138076,35.136036,126.918380
4805079369,35.140559,126.917742
1212906951,35.141877,126.916638
12382454506,35.141620,126.916211
5938871727,35.141414,126.917023
2007834342,35.142800,126.933662
4631845895,35.142578,126.933720
12765565623,35.142858,126.933717
12765565605,35.142812,126.933594
2007834356,35.138152,126.932473
8745103343,35.138143,126.932148
2007834405,35.139163,126.932134
4631835058,35.137451,126.932129
2007834365,35.145066,126.934587
11121991585,35.145129,126.934431
10248473655,35.142889,126.936842
13727281361,35.146498,126.937382
2007834369,35.141714,126.927092
13622091938,35.141447,126.926948
4707562681,35.141913,126.927329
13622090995,35.141989,126.926905
13622091000,35.142008,126.927074
13622091937,35.141417,126.927145
2007834371,35.140999,126.934821
2007834525,35.140351,126.934878
8745101674,35.141523,126.934710
2007834499,35.141205,126.934227
2007834390,35.144831,126.933760
11133750904,35.144410,126.933711
2007834413,35.145222,126.934243
11133750907,35.144463,126.933992
2007834392,35.140992,126.931879
3042621368,35.140863,126.931896
3042621365,35.141262,126.931864
13621892256,35.140929,126.931664
8726974609,35.139632,126.932068
13622127977,35.139141,126.931939
4664813460,35.139388,126.932281
4682911880,35.139197,126.933679
2007834411,35.140780,126.930355
8747851763,35.140795,126.930501
11052889753,35.140566,126.930381
2007834442,35.140774,126.929716
11133750893,35.145391,126.934183
2007834419,35.137057,126.931205
4650512483,35.137356,126.930011
12655482618,35.135906,126.930989
2007834425,35.140217,126.925141
4631604678,35.139521,126.923811
8745103345,35.139898,126.925471
4631604670,35.140209,126.925942
2007834432,35.143022,126.933295
4631627854,35.143455,126.932516
14041444358,35.143021,126.933669
13622108233,35.140730,126.929688
13622042888,35.140824,126.929746
13622042866,35.141155,126.929212
2007834448,35.146355,126.933837
8745101679,35.146014,126.933962
2007834451,35.140204,126.935016
11134046574,35.140179,126.935104
8745101711,35.138895,126.934387
2007834459,35.140830,126.928023
11144448324,35.140666,126.928449
7863602412,35.140928,126.928070
11144448319,35.140628,126.927924
2007834463,35.143796,126.930370
6398390235,35.143684,126.930386
2007834464,35.141589,126.933943
12207959821,35.141392,126.934089
13622042705,35.142502,126.933183
2007834485,35.141362,126.929105
12851177153,35.141426,126.929048
13622108229,35.141299,126.929064
2007834487,35.143487,126.931543
13622042745,35.142319,126.931723
4682911886,35.140819,126.934220
2007834514,35.144317,126.931522
11122179645,35.144299,126.931435
8726985920,35.144975,126.931774
11121991569,35.144257,126.932024
11133751074,35.140770,126.934254
2382901000,35.139410,126.922960
8324548374,35.139614,126.922799
2382901004,35.139322,126.922906
3269959921,35.141202,126.924065
4723917591,35.138651,126.923579
2382901003,35.137805,126.920985
2389137058,35.137942,126.920808
2382901007,35.137392,126.920442
2921524222,35.138878,126.922541
12852795429,35.136872,126.921690
2389137054,35.139513,126.922748
8326379669,35.138985,126.923152
2382901005,35.135994,126.918447
12430453910,35.131676,126.927300
12851177279,35.131888,126.926661
10941749667,35.138861,126.922242
8324548373,35.139711,126.922656
10941749682,35.138821,126.922190
10945728302,35.138169,126.920549
3269959945,35.141068,126.923791
2550263250,35.148667,126.919799
12819746068,35.148489,126.919932
10959743356,35.141374,126.921343
10959743398,35.141565,126.920510
2624387729,35.131180,126.923631
13903377536,35.131708,126.923214
13050545587,35.146747,126.918404
2859367808,35.147636,126.917339
4475055351,35.147306,126.917029
6768815464,35.148016,126.917756
11446558573,35.148083,126.916553
2859368480,35.146417,126.916056
4500091110,35.146493,126.916165
2997117495,35.133371,126.936990
10804537981,35.133585,126.937181
12430454069,35.132908,126.936614
13622042993,35.141557,126.931825
13622042991,35.141270,126.931941
13621892253,35.140838,126.931900
13622091998,35.140870,126.931981
3042621369,35.141281,126.932057
3042621370,35.140882,126.932109
3042621371,35.140329,126.931971
13621892261,35.140178,126.931992
3042621375,35.140349,126.932157
3042621394,35.142492,126.933114
13622042708,35.142429,126.933156
13622042707,35.142565,126.933075
13622042746,35.142326,126.931789
3042623059,35.141505,126.933628
12765514894,35.141440,126.932859
3042623061,35.142131,126.933391
11134046232,35.140481,126.934198
8745101716,35.141978,126.933362
4805609258,35.134433,126.921003
3042647336,35.135107,126.920303
9121933082,35.135000,126.919828
9121933080,35.135241,126.920299
3042647337,35.134956,126.919413
13903377580,35.135099,126.919307
9121933067,35.134523,126.918993
9125391865,35.136322,126.920525
3042647504,35.135670,126.921038
3042650376,35.141527,126.934855
3071560222,35.131056,126.929258
4806829556,35.131189,126.929599
4806829554,35.131020,126.929135
10729397121,35.131904,126.928900
3071560229,35.132562,126.928612
4740276148,35.134380,126.927525
4740276152,35.133068,126.928934
12851177272,35.132729,126.929082
5444342858,35.141589,126.924300
10803968310,35.139783,126.922893
7863602417,35.142366,126.924578
12430453938,35.135079,126.918186
12543057093,35.135336,126.917521
3315758204,35.144117,126.925712
4777901350,35.145232,126.926371
4631274928,35.142462,126.924634
3663907273,35.132259,126.921541
4785413211,35.132492,126.921963
9462138309,35.131932,126.921827
9901815095,35.133964,126.919829
4789425350,35.133071,126.923097
5682136862,35.133859,126.923165
4021007329,35.138638,126.927909
12851177130,35.138782,126.927574
12851177166,35.138119,126.928888
4631605215,35.138756,126.928602
4021011628,35.141689,126.928396
13622108225,35.141372,126.928287
4021011644,35.141750,126.928484
4475055340,35.147013,126.916733
4475055341,35.147180,126.916498
4500091108,35.147057,126.916773
11518823582,35.146883,126.916587
4475055342,35.147218,126.916444
5751087323,35.147289,126.916601
4475055369,35.147280,126.917005
4475055370,35.146383,126.917643
4715129135,35.146463,126.917810
13056485459,35.146312,126.917497
13056485460,35.146458,126.917590
4475060011,35.147544,126.917912
4490705030,35.145799,126.916407
13056485454,35.145876,126.916340
4490705031,35.146049,126.916189
13056485463,35.146104,126.916140
4490705032,35.145941,126.916028
4500091109,35.146979,126.916894
11518823605,35.146123,126.916881
4664959378,35.146217,126.917301
5258719629,35.144463,126.926109
5409319056,35.144222,126.928850
4561700363,35.144177,126.928958
11121959557,35.144050,126.929245
4561700365,35.145991,126.927435
4561700378,35.146410,126.928268
4806750910,35.147771,126.930030
5660918664,35.147807,126.937785
4561700412,35.147637,126.936640
4561700407,35.147692,126.936589
4806750873,35.148271,126.935416
13727281348,35.147092,126.937261
4806750869,35.148645,126.936907
4561700468,35.148238,126.937342
4561700436,35.148317,126.937646
4561700466,35.148670,126.937498
4561700467,35.148501,126.937217
4631253775,35.143507,126.924895
4631253779,35.143672,126.924488
4631253776,35.142624,126.924362
4631253780,35.142943,126.923981
10902012023,35.142572,126.924430
12585138705,35.143705,126.923631
4631253783,35.143240,126.923629
4631274931,35.143481,126.923090
4631274919,35.142144,126.926444
13622091944,35.142068,126.926440
8741554100,35.142131,126.926012
5313522356,35.142146,126.926528
4631274920,35.141602,126.926416
4631274923,35.141522,126.926021
11144412190,35.141933,126.926433
4631274925,35.141106,126.926662
4631274921,35.141486,126.925893
11144412275,35.141455,126.925295
11144412230,35.141113,126.925513
11144412296,35.141121,126.926056
4631274926,35.140869,126.926063
11144422969,35.140495,126.926034
4820111501,35.143594,126.923372
10902041186,35.143386,126.922855
4631605210,35.139974,126.926125
4631605209,35.140271,126.926312
4631604673,35.139046,126.926961
12851177141,35.138923,126.927247
8745103344,35.138947,126.926902
12851177149,35.139466,126.927137
4631604674,35.139512,126.925845
4631604675,35.138935,126.925455
8745103347,35.138266,126.926459
4631604680,35.136517,126.925800
4777923572,35.136693,126.926073
5666592592,35.136984,126.925321
13457517957,35.135033,126.926993
12851177103,35.139553,126.927029
13622042847,35.139789,126.928984
8745101702,35.138794,126.929634
4631608581,35.142393,126.924513
4631627850,35.143573,126.932376
8726985918,35.143662,126.932346
4631627853,35.143416,126.932467
4631736500,35.147121,126.923397
4631736501,35.146340,126.924560
12491726396,35.147038,126.923333
4806750803,35.147210,126.923455
10729020823,35.146398,126.924622
4631736502,35.146112,126.924442
4631736504,35.145867,126.924867
4631994444,35.145574,126.923500
4631736503,35.145668,126.925308
4631989871,35.145009,126.924852
11752323719,35.145500,126.925707
4631989870,35.145209,126.924409
4631834862,35.140918,126.928205
13622108240,35.140911,126.928142
4631834869,35.140272,126.929112
8745103332,35.140297,126.928974
4631835063,35.137919,126.933103
8745101671,35.138036,126.934067
8745101710,35.137034,126.933599
8745101676,35.142713,126.934432
4631845903,35.142283,126.926013
11144412091,35.142399,126.926010
11144412059,35.142237,126.925329
13622091987,35.142293,126.926814
4631849326,35.140516,126.928614
13622108219,35.140452,126.928789
13622108224,35.140575,126.928467
8745101699,35.139705,126.928358
4631849329,35.143684,126.926303
4707562645,35.143098,126.925998
13622091936,35.143431,126.926626
11144403893,35.143336,126.925482
4631849331,35.142873,126.925990
4631849335,35.142870,126.926787
4631994443,35.145419,126.923819
4780265983,35.144659,126.925637
4631994441,35.145287,126.923031
13089335757,35.145331,126.923091
4654752862,35.145462,126.922621
4631994442,35.145047,126.923576
13089335753,35.144971,126.923520
13089335760,35.145104,126.923613
4631994447,35.144655,126.923290
4654752859,35.145001,126.922524
4634312099,35.132729,126.922389
13903377605,35.132464,126.922605
5263245974,35.133057,126.922123
4634312158,35.136215,126.916360
4634312165,35.136472,126.916861
5746992365,35.136097,126.916421
4634312167,35.136498,126.916951
5160931398,35.136846,126.918341
5746992424,35.136960,126.917304
4634312170,35.136288,126.917053
5746992398,35.136117,126.917119
5746992417,35.136382,126.917492
10945738312,35.138365,126.920354
10945738307,35.139051,126.920893
10902011905,35.140476,126.922055
10945710330,35.140034,126.921808
4634340448,35.139482,126.921445
10941749690,35.139367,126.921557
10945707393,35.139757,126.921691
10945728296,35.139318,126.921222
12851177179,35.137567,126.929504
4650512485,35.137869,126.930783
4650512487,35.139009,126.930753
8745101706,35.137771,126.931073
8726974606,35.139408,126.930701
4650512689,35.139949,126.930492
13621892236,35.139882,126.930518
13622042899,35.139975,126.930487
13621892246,35.139925,126.931223
4650513066,35.137988,126.931982
8745101708,35.137935,126.931759
4650775319,35.135583,126.932087
10142960906,35.135610,126.931857
10142960917,35.135591,126.932779
9462145420,35.134384,126.931855
10142960911,35.136219,126.932249
4650775321,35.132672,126.931446
5684922693,35.133088,126.931546
4813456814,35.132813,126.930550
10167810605,35.132632,126.931675
4654752866,35.144763,126.922241
13089335752,35.145375,126.922574
13089335758,35.145518,126.922662
12585138706,35.144166,126.923349
4654752864,35.144016,126.923015
12585138708,35.143861,126.922631
4902023303,35.144442,126.922579
13089326498,35.143358,126.920970
8690512587,35.144222,126.921257
4654752869,35.144463,126.921515
4654752868,35.144486,126.921377
13089326499,35.144469,126.921478
12585138732,35.144552,126.921409
10804342829,35.144358,126.921319
4902023301,35.144035,126.921698
4659157432,35.139473,126.936067
11134046248,35.140048,126.935945
5409319038,35.143556,126.929671
4659337850,35.139273,126.930313
13622042856,35.139328,126.930043
8745101704,35.138783,126.930026
13622042859,35.139511,126.930164
4664959373,35.144538,126.919019
13074276910,35.145464,126.918696
4813264906,35.143538,126.919721
4664959376,35.145626,126.918635
13074276912,35.145552,126.918282
4664959377,35.145364,126.917503
4715129131,35.145540,126.918226
13056485458,35.146163,126.917314
8979403178,35.139379,126.933677
4682911885,35.140438,126.934246
4693716442,35.131809,126.933228
5269021237,35.131829,126.934309
4819101978,35.131795,126.932720
12585138757,35.131382,126.933241
4693716444,35.132370,126.933336
5684922680,35.132576,126.933387
4935463437,35.132274,126.933889
4693716446,35.133453,126.933623
4693716447,35.133526,126.933478
5234301360,35.133094,126.933508
13917435200,35.132910,126.934547
9462145422,35.134101,126.933734
5686519470,35.133786,126.932682
4723917625,35.132552,126.934492
4693716455,35.131042,126.934319
4693716457,35.137037,126.925056
4693716458,35.137119,126.925169
10804340788,35.138560,126.923480
4723917593,35.137225,126.925328
4789425326,35.138135,126.924052
4707555104,35.141220,126.929302
13622108261,35.141201,126.929255
4707555116,35.141367,126.929389
4707555115,35.141485,126.929369
7863602418,35.141473,126.929235
4707555120,35.141419,126.929380
4707555124,35.141554,126.929359
4707555121,35.141610,126.929217
4707555125,35.141597,126.929219
4707555122,35.141623,126.929348
13622108286,35.141880,126.929181
6398390249,35.141867,126.929313
4707555123,35.141528,126.929094
7863602410,35.141541,126.929226
4707562647,35.142855,126.926263
4707562653,35.141096,126.928042
13622108226,35.141404,126.928179
4707562665,35.140959,126.927976
8745101695,35.141207,126.927546
4707562656,35.141890,126.927362
4707562668,35.141754,126.928076
13622091941,35.141411,126.927217
7860665914,35.140740,126.927868
6112050763,35.142033,126.928191
4707562670,35.141932,126.928654
13622121521,35.142532,126.928901
13622108285,35.141884,126.929137
11121959516,35.142036,126.928378
13622042872,35.141455,126.929090
13622090994,35.142281,126.927238
13622091997,35.141989,126.927179
4707562890,35.143342,126.929861
13622042761,35.143411,126.930387
8726974594,35.143056,126.930134
13622042764,35.143300,126.929676
13056485461,35.146409,126.917848
4723917466,35.137712,126.925972
5672035118,35.137592,126.926097
5682136866,35.138277,126.925515
4723917467,35.135003,126.927017
4777923565,35.135096,126.927255
4723917479,35.137095,126.926651
5666592586,35.137473,126.926236
4830113500,35.135727,126.927893
6821621102,35.137592,126.926999
12881290471,35.138806,126.923826
12881290469,35.138445,126.923754
4723917592,35.138965,126.924705
4789425327,35.138652,126.924800
5682136865,35.138008,126.925034
4935463439,35.132646,126.934215
11799348565,35.132855,126.934669
4729229227,35.142118,126.925461
8745101691,35.141941,126.925487
12851177282,35.131787,126.926349
6821621103,35.131638,126.928337
5227417773,35.134294,126.927595
5666592596,35.133017,126.929278
4740552377,35.137884,126.927204
12851175977,35.137512,126.927698
5746992813,35.138675,126.916373
4936282891,35.138846,126.916702
4764282356,35.136787,126.916085
5227330438,35.136791,126.916145
4780265981,35.145349,126.926066
4777923547,35.138144,126.920895
13917435264,35.135684,126.926820
6085758178,35.136109,126.926475
4777923592,35.133541,126.930400
9901815103,35.133287,126.930337
13917435231,35.133815,126.930583
13917435232,35.134252,126.930429
4777923595,35.133878,126.931129
4777933447,35.132167,126.917419
5201138646,35.132008,126.917007
4777956787,35.134969,126.918250
12430453952,35.134300,126.918139
4785406906,35.131454,126.917565
9125391834,35.131029,126.918073
4777956791,35.131416,126.917089
4785406904,35.131998,126.916070
4778113214,35.142620,126.920161
11149884106,35.142863,126.919905
4778113216,35.143415,126.919390
11149884174,35.143138,126.919020
11115899620,35.141704,126.918547
10959645155,35.140969,126.918754
11012101389,35.142268,126.917866
4778114329,35.139808,126.920601
10950826719,35.139483,126.920016
10958477213,35.140216,126.919926
4936282899,35.139310,126.917641
9575019115,35.139563,126.917932
13904146808,35.147414,126.936046
4780265924,35.146799,126.936194
6821621117,35.147027,126.935332
13089335750,35.144325,126.925404
13056485369,35.145219,126.920690
13056485348,35.145368,126.920799
4780266017,35.144592,126.921428
13089335711,35.144683,126.921328
5192601883,35.145374,126.921777
4806013532,35.132063,126.936512
10167810608,35.132926,126.932486
4785413192,35.133332,126.932573
10167810602,35.132961,126.932493
5660918703,35.133388,126.932187
4785413208,35.131493,126.922173
4785413212,35.131730,126.922571
4785413209,35.131976,126.923002
4785413210,35.132723,126.921771
4785413213,35.131144,126.923018
12851175989,35.138399,126.924434
13903377577,35.132920,126.923237
9171675861,35.132186,126.918309
10245840035,35.131403,126.919169
4800954578,35.132092,126.936962
10245840024,35.132102,126.937194
4806013533,35.132084,126.936848
10142960862,35.132471,126.936994
4800954580,35.132126,126.937868
13478524624,35.131933,126.937873
4800954595,35.131169,126.936802
4806013535,35.131291,126.936434
10142960840,35.131136,126.936903
4800954597,35.131441,126.936088
10245803106,35.131263,126.935929
4820111467,35.145197,126.917260
5746594303,35.143873,126.917881
11149884186,35.142904,126.918624
4805079370,35.140076,126.916874
5746992922,35.139308,126.916429
9121933023,35.140193,126.916594
4805079386,35.140563,126.916087
5746992996,35.140756,126.916444
5746992998,35.140458,126.916689
4805609255,35.134641,126.922349
4805609257,35.134112,126.921265
12430453924,35.133803,126.921516
5682136857,35.134205,126.920523
6789742087,35.131287,126.932153
6789742098,35.131802,126.931966
12851177242,35.132477,126.935070
4806013527,35.133028,126.933651
5660918704,35.132914,126.933812
10988363856,35.133317,126.933707
10142960838,35.131689,126.936663
10245803095,35.131330,126.936457
4806750805,35.147591,126.923064
4806750804,35.148346,126.922250
13052475510,35.148261,126.922042
12820361014,35.148471,126.922541
13052447283,35.148296,126.922303
4806750806,35.147155,126.922486
13052447275,35.147142,126.922018
4806750809,35.146658,126.922981
4806750807,35.147139,126.921896
13056485375,35.147281,126.921895
12491726389,35.146217,126.922543
11122179627,35.144985,126.930546
4806750817,35.144725,126.930019
4806750845,35.143396,126.926971
7863602414,35.143412,126.927063
4806750847,35.143726,126.927395
4806750853,35.143877,126.927426
4806750868,35.143971,126.928580
13904146814,35.148620,126.937268
5682109720,35.148946,126.936933
12881290398,35.148532,126.932726
4806750889,35.148658,126.934346
4806750899,35.146757,126.935545
4821601816,35.147522,126.928957
4806750923,35.141137,126.919908
10974260388,35.141289,126.920260
10959645144,35.141176,126.919871
10959626133,35.140741,126.920266
4806750927,35.141514,126.920372
11149884116,35.142193,126.919811
4806750940,35.140229,126.919860
10958477368,35.140241,126.919814
4806750946,35.139855,126.919796
10958477325,35.139741,126.920195
6789730774,35.131009,126.929675
12543084604,35.131572,126.929956
5660918678,35.132387,126.930433
5684922697,35.133516,126.931236
4813456815,35.132336,126.930420
4813456816,35.132171,126.931175
13056471875,35.146649,126.918569
13056471880,35.145871,126.919200
13056471877,35.145799,126.918950
4818188218,35.143134,126.922732
10902041125,35.143222,126.922949
10902041124,35.143031,126.922476
12585138761,35.131266,126.932729
13074248483,35.145161,126.917035
4830113504,35.136217,126.928144
5160932741,35.148409,126.926727
4854697794,35.147783,126.926854
4854697801,35.147851,126.927191
4854697803,35.147459,126.926969
4854697798,35.147910,126.927504
4854697799,35.147569,126.927613
10228409164,35.148520,126.927919
4854697800,35.147501,126.927312
6821621100,35.144205,126.922172
4902023305,35.142515,126.917925
5746594314,35.142991,126.917501
11115899628,35.142478,126.917879
5746594312,35.142693,126.918268
13917435205,35.132704,126.934166
10142960886,35.132772,126.933437
5160931402,35.137512,126.918160
12382454531,35.137021,126.918696
8690512268,35.137537,126.918221
5160931408,35.134201,126.931814
9462145419,35.133940,126.931753
5660918694,35.133866,126.932169
5160932742,35.148402,126.926856
5160932746,35.148157,126.926841
5160932743,35.148707,126.926842
5160932745,35.148016,126.926833
5160932750,35.148125,126.927571
5160932749,35.148528,126.927752
5160932752,35.148511,126.928113
10228409167,35.148241,126.928063
5192601877,35.145613,126.921390
13056485314,35.145556,126.921623
5215276479,35.142804,126.922623
10902041126,35.142989,126.923090
10902041149,35.142471,126.922388
5227330097,35.144577,126.916114
13074248486,35.144969,126.916732
5227330102,35.144301,126.916261
5227330100,35.144112,126.916293
5227330105,35.143970,126.916333
5227330103,35.144294,126.916445
5227330106,35.143921,126.916117
5227330107,35.140499,126.920488
5227330108,35.140598,126.920655
5227330114,35.140610,126.921096
5227330115,35.140671,126.921222
10959175210,35.140493,126.921178
5227330116,35.140558,126.921337
5227330118,35.140721,126.921281
5227330434,35.136400,126.916150
5227330439,35.136558,126.916172
5227330435,35.136384,126.916313
5227330440,35.136541,126.916325
5227417774,35.134600,126.928186
5227418062,35.131279,126.937899
10142960841,35.131157,126.937903
10245840027,35.131347,126.937894
5236166370,35.131434,126.927419
5236166371,35.131682,126.928209
5236166374,35.131259,126.927502
5236166372,35.131460,126.928314
13909926797,35.131921,126.927688
5236166373,35.131339,126.927929
5236166382,35.131087,126.928408
5236166378,35.131209,126.927340
5237611732,35.134309,126.937737
5237611764,35.134241,126.937731
10245803062,35.134848,126.937660
5237611734,35.133635,126.937244
10245803068,35.134705,126.935959
10988863493,35.134209,126.937246
5237611832,35.134720,126.934420
5258719621,35.143731,126.925646
13622091911,35.143861,126.926164
7863602416,35.142297,126.924747
13622091912,35.143973,126.926237
5263245979,35.133365,126.921872
5263245977,35.133622,126.922868
13105994954,35.133749,126.921560
11230698364,35.148512,126.925140
13622090999,35.142152,126.926909
13622091988,35.142283,126.926826
5313522368,35.147251,126.928465
5409319027,35.143582,126.929578
13622108217,35.143501,126.929634
6398390252,35.143396,126.929246
5444342862,35.141026,126.924491
5660918682,35.132763,126.929429
5660918690,35.133857,126.931731
9010143010,35.133465,126.931637
5684922705,35.134425,126.931374
5660918705,35.133089,126.933988
5666592593,35.133379,126.929198
5672035116,35.137753,126.916680
5938871730,35.137616,126.916227
5938871732,35.137182,126.916421
12430342693,35.138158,126.926273
12430342689,35.137793,126.924626
5684601120,35.148557,126.932115
5684922687,35.132658,126.932873
5684922686,35.132738,126.933336
5684922688,35.132806,126.932916
12430453919,35.133280,126.931592
9462145418,35.134249,126.932771
5746594299,35.142535,126.917335
5746594301,35.142533,126.917449
11115919515,35.142885,126.917226
11115899676,35.142332,126.917803
11118155956,35.142871,126.918643
11118156046,35.143002,126.918121
5746992357,35.135909,126.916314
5746992409,35.135670,126.916177
5746992369,35.135604,126.916654
5746992397,35.136035,126.916852
5746992370,35.135522,126.916689
5746992396,35.135788,126.916947
5746992410,35.135467,126.916276
5746992384,35.135160,126.916029
5746992416,35.135949,126.917203
5746992407,35.135411,126.916082
5746992798,35.137982,126.916706
5746992802,35.138148,126.916567
5746992800,35.138142,126.916537
5746992801,35.138094,126.916314
5746993010,35.139485,126.916322
13744651088,35.140315,126.916812
12585080474,35.137602,126.916181
12585138747,35.136423,126.926803
13622091995,35.142345,126.927324
6175977287,35.147751,126.919920
12819746060,35.148303,126.920063
6356535039,35.142659,126.921069
10901961346,35.142530,126.920912
6356535038,35.142423,126.921200
10901961367,35.142511,126.921151
6356535051,35.142339,126.921025
10901961347,35.142606,126.921098
10901961361,35.142473,126.920946
7863602413,35.143547,126.930395
6398390247,35.144117,126.930873
11121959653,35.144401,126.931232
11121959634,35.144346,126.931283
11121959638,35.144528,126.930763
6398390250,35.141986,126.929302
13622108283,35.142245,126.929272
8772370019,35.142029,126.929460
13622042765,35.143455,126.929644
7863602411,35.142691,126.928692
6789730779,35.131125,126.930117
6789730778,35.131480,126.930685
6789730782,35.131152,126.929879
6789742096,35.131278,126.932013
6789742095,35.131264,126.931436
6789742099,35.131570,126.931972
6789742106,35.131782,126.931349
6789742105,35.132041,126.931000
6789742107,35.131968,126.931332
10142960932,35.137846,126.926681
6821621111,35.144819,126.928530
6821621113,35.145062,126.928825
7179003401,35.145745,126.919947
13050595963,35.145498,126.920077
13622042766,35.142621,126.928935
7863602415,35.142963,126.927179
13622042762,35.143543,126.930367
13622042754,35.143561,126.931373
11118354411,35.143617,126.926975
10803968314,35.139793,126.922593
8690512270,35.137976,126.919215
9125409835,35.137614,126.918566
12382454545,35.138543,126.918643
13089335718,35.144124,126.919810
8690512574,35.144378,126.920400
13089335708,35.144235,126.921122
8690512578,35.144463,126.920356
8690512575,35.144595,126.920578
13089335714,35.144677,126.920094
8772370020,35.142108,126.930323
8772370017,35.142177,126.931184
13622121518,35.142516,126.929395
8726974596,35.143738,126.932564
8726974613,35.144174,126.932420
8726985919,35.143760,126.932946
13621892250,35.139454,126.931202
8726974608,35.139572,126.931527
8745103342,35.139463,126.931288
13621892248,35.139637,126.931454
11121991554,35.144316,126.932072
8726974614,35.144642,126.932397
8745101686,35.144170,126.932526
11121998346,35.144644,126.932581
11121991568,35.144955,126.931822
13622042752,35.143608,126.932209
8745101687,35.144258,126.932894
8745101689,35.143770,126.933038
8726985922,35.145472,126.932106
8726985921,35.144658,126.932875
8745101690,35.144678,126.932973
8745101683,35.145216,126.932735
11133303238,35.145756,126.932632
8745101672,35.138041,126.934103
8745101675,35.142733,126.934584
8745101677,35.143840,126.934168
8745101678,35.143855,126.934302
12765565630,35.143968,126.933726
8745101680,35.146055,126.934140
8745101681,35.145732,126.932875
13622040397,35.145666,126.933035
8745101682,35.145778,126.932907
8745101684,35.145457,126.932726
8745101685,35.144877,126.932424
8745101688,35.144265,126.933002
8745101696,35.141019,126.927544
8745101701,35.139229,126.929768
13622042849,35.139301,126.929783
8745101703,35.138816,126.929644
8745101705,35.138776,126.930019
8745101707,35.137729,126.931090
8745101709,35.137896,126.931783
8745101712,35.138881,126.934428
8745103318,35.142084,126.933181
8745103327,35.141139,126.928960
8979403197,35.140954,126.928842
8979403198,35.141250,126.928641
8745103329,35.140536,126.929568
13622042892,35.140602,126.929609
13622108218,35.140522,126.928827
8745103334,35.143875,126.931716
8745103335,35.143541,126.931929
11121991557,35.144180,126.931967
13622042734,35.143568,126.932151
8745103341,35.140046,126.931205
13621892251,35.139622,126.931265
8745103346,35.139738,126.925345
8745103348,35.138387,126.926522
13622042886,35.140745,126.930507
11109649899,35.140844,126.930497
11052889745,35.140842,126.931083
12765514867,35.142274,126.931662
8772370021,35.141098,126.930472
13622042963,35.141046,126.930448
11134046323,35.139378,126.933709
11134046360,35.139383,126.933507
8979403179,35.139915,126.933882
8979403180,35.139372,126.933890
8979403181,35.139916,126.934078
11134046352,35.139914,126.933702
11134046322,35.139975,126.934462
9121916015,35.140084,126.916141
9121933028,35.140009,126.916223
9121933019,35.139983,126.916456
9121933081,35.135269,126.921202
9121933083,35.135131,126.919779
13917435255,35.134868,126.919880
9121933085,35.135058,126.919438
9121933084,35.135208,126.920139
9121933092,35.134681,126.934672
9125391838,35.131085,126.918645
9125391871,35.136446,126.920451
9125391876,35.135622,126.919046
9125391870,35.136459,126.919989
9125391872,35.136603,126.920754
9125391875,35.135724,126.919506
9125391880,35.136632,126.923582
9125391878,35.136743,126.923492
9125391879,35.136840,126.923961
12852795372,35.136692,126.923691
9125391881,35.136512,126.923346
9125409828,35.143935,126.929505
9171675876,35.132037,126.918293
9528718155,35.146243,126.919335
9528718230,35.146230,126.919406
12823841587,35.146124,126.919171
13050595967,35.146314,126.919299
9528718158,35.146214,126.919559
9528718227,35.146221,126.919480
9528718229,35.146147,126.919564
13050595965,35.146227,126.919616
9528718160,35.146119,126.919570
9528718165,35.146076,126.919477
9528718204,35.146044,126.919413
9528718167,35.145984,126.919342
9528718169,35.145873,126.919397
9528718225,35.145968,126.919281
9528718170,35.145893,126.919515
9528718203,35.145841,126.919345
9528718171,35.145871,126.919529
9528718175,35.145696,126.919611
9528718187,35.145765,126.919704
9528718190,35.145679,126.919691
9528718193,35.145696,126.919481
9528718213,35.145814,126.919742
9528718215,35.145619,126.919720
9528718201,35.145673,126.919429
9528718197,35.145568,126.919620
9528718239,35.145576,126.919544
9528718244,35.145499,126.919604
9528718200,35.145470,126.919582
9528718272,35.145400,126.919593
9528718242,35.145524,126.919541
9528718237,35.145591,126.919470
12818479623,35.145512,126.919509
12818479625,35.145468,126.919658
9528718257,35.145395,126.919619
12818479624,35.145392,126.919569
9575019116,35.139682,126.918011
9901815098,35.133414,126.919639
9901815104,35.133338,126.929951
10142960836,35.131038,126.937196
10245803092,35.131519,126.936567
10167810609,35.132904,126.932624
10142960927,35.135037,126.931757
10142960915,35.136388,126.932515
10248473609,35.138605,126.936742
10142960918,35.135234,126.932797
10142960922,35.135826,126.932216
10142960923,35.135239,126.932202
10142960925,35.135105,126.932841
10167810615,35.132988,126.932318
10167820920,35.133049,126.931923
10167810614,35.132997,126.932653
10245803075,35.134807,126.937514
10245803091,35.134669,126.936555
10245803083,35.134476,126.937475
10245803078,35.134390,126.937141
10245803081,35.134435,126.937314
10245803079,35.134285,126.937180
10245803080,35.134329,126.937352
10245803082,35.134372,126.937517
10245803093,35.131383,126.936981
10245803094,35.131189,126.936872
10245803107,35.131112,126.936152
13478524626,35.131888,126.937873
10245840029,35.131146,126.919176
10245840032,35.131256,126.919379
10245840036,35.131224,126.919528
10248473622,35.139502,126.936942
10288946564,35.142942,126.936924
10308876890,35.145487,126.931007
11122179619,35.145033,126.930780
10308876891,35.145981,126.931413
10308876892,35.144943,126.930719
10729020822,35.146558,126.924793
10729020829,35.146486,126.924490
10729020827,35.148023,126.924681
10729020828,35.146621,126.924619
10729397119,35.131987,126.929637
10729397120,35.131969,126.929178
10729397123,35.132362,126.929301
10781742731,35.133179,126.916227
10959743406,35.140201,126.922268
12852795367,35.138217,126.922899
13089335707,35.144330,126.921412
13089335704,35.144396,126.921196
10988869789,35.133553,126.937867
10901961345,35.142626,126.921146
10901961387,35.142621,126.921134
10901961369,35.142475,126.920814
10901961362,35.142542,126.921134
10901961365,35.142496,126.921113
10901961366,35.142526,126.921189
10901961368,35.142476,126.920775
10902011884,35.141738,126.922686
10902011916,35.141115,126.921808
10902011897,35.141230,126.923041
10959743309,35.141123,126.921539
10902011907,35.140564,126.922224
10902011923,35.140784,126.922196
10902011928,35.140322,126.922453
10902011974,35.141967,126.922864
10902011985,35.142059,126.923095
10902011989,35.142343,126.922534
10902012002,35.142447,126.923918
10902041127,35.142943,126.922260
10941749674,35.139255,126.921967
10941749675,35.139233,126.921939
10941749689,35.139135,126.921828
10945710281,35.139881,126.921748
10945707395,35.139727,126.922001
10950814782,35.139917,126.921762
10945710285,35.139899,126.922106
10945710332,35.140029,126.922269
10945728298,35.138698,126.921243
10945738323,35.139556,126.920925
10945738309,35.138876,126.921058
10945738318,35.139120,126.920828
10945738315,35.138924,126.919996
10945738316,35.139008,126.920145
10945738317,35.139110,126.920064
10945738321,35.139019,126.920565
10950814783,35.139965,126.921606
10950826728,35.139424,126.920665
10959626141,35.140522,126.919844
10959645027,35.140744,126.919037
10959645016,35.140779,126.919691
10959626154,35.140327,126.920377
10959645242,35.140751,126.919029
10959645201,35.141081,126.919447
10959645154,35.141076,126.918888
10959645202,35.140994,126.919385
10959645203,35.140909,126.919439
10959645205,35.141015,126.919268
10959645245,35.140946,126.918993
10959743310,35.140942,126.921201
10959743359,35.141402,126.920880
10959743399,35.141378,126.920617
10959743410,35.140286,126.922588
10959743409,35.140399,126.923042
10959743411,35.140466,126.922941
10974260337,35.142013,126.920164
11007484280,35.141442,126.920112
10974260527,35.141654,126.919701
10974260526,35.141727,126.919817
10974260528,35.141547,126.919792
10988869799,35.133552,126.937984
10988869793,35.133862,126.937862
10988869790,35.133785,126.937718
10988869798,35.133872,126.937989
11012101390,35.142136,126.917625
11115919563,35.142653,126.916681
11052889746,35.140366,126.931155
11052889748,35.140789,126.931581
11052889750,35.140398,126.930715
11052889752,35.140579,126.930559
13622042994,35.141551,126.931749
13622042962,35.140966,126.930458
11118149502,35.142093,126.918232
11261854036,35.143336,126.916803
11261854032,35.142933,126.916354
11115919566,35.142770,126.917029
11118155806,35.142200,126.918476
11118155823,35.142394,126.918360
11149884197,35.142695,126.918747
11118354409,35.144434,126.928084
11118354426,35.144246,126.928521
11118354413,35.143756,126.927012
11118354419,35.144101,126.926443
11118354446,35.143681,126.926916
11118354417,35.144026,126.926601
11118354418,35.144153,126.926679
11118354420,35.144224,126.926516
11118354458,35.144207,126.926143
13622091913,35.143533,126.926669
11121959654,35.144544,126.931335
11121991589,35.144678,126.931652
13622042748,35.144266,126.931727
11133750917,35.145474,126.934727
11121991593,35.144620,126.931872
11121991592,35.144529,126.932065
11121991594,35.144743,126.931947
11122179615,35.145651,126.931303
11122179616,35.145486,126.931611
11122179617,35.145673,126.931744
11122179698,35.145548,126.933122
13622040396,35.145600,126.933000
11133303239,35.145630,126.933122
11133303278,35.147019,126.932047
11133303277,35.146834,126.932532
11133303285,35.146673,126.932396
11133303282,35.146998,126.932608
11133303281,35.147073,126.932754
11133303284,35.146532,126.932276
11133303286,35.146858,126.931992
11133750894,35.145486,126.934802
14041444357,35.143100,126.933708
11133959601,35.140780,126.934584
11133959598,35.141080,126.935027
11134046237,35.140364,126.934195
11134046480,35.139525,126.936179
11134046314,35.139387,126.933335
11134046358,35.139757,126.933704
11134046332,35.140584,126.933937
11134046333,35.140032,126.933737
11134046334,35.140033,126.933887
11134046576,35.139313,126.935280
11144412057,35.142422,126.926683
11144412065,35.142423,126.926581
11144412060,35.142794,126.926233
11144412062,35.142791,126.926412
11144412066,35.142426,126.926264
11144412088,35.142747,126.925999
11144412061,35.142787,126.926694
11144412064,35.142788,126.926586
11144412063,35.142425,126.926403
11144412067,35.142308,126.926262
11144412096,35.142742,126.925883
11144412097,35.142395,126.925904
11144412092,35.142727,126.925530
11144412094,35.142735,126.925711
11144412093,35.142380,126.925553
11144412095,35.142387,126.925728
11144412191,35.141924,126.926772
11144422978,35.140704,126.926868
11144422991,35.140972,126.927043
11144422995,35.140935,126.927123
11144422996,35.141088,126.927130
13622043037,35.139511,126.927768
11144448285,35.140156,126.927845
11144448330,35.140569,126.928088
11144448323,35.140526,126.928381
11144448327,35.140545,126.928249
11144448328,35.140213,126.928166
11149884142,35.142700,126.919719
11149884117,35.142485,126.919613
11149884124,35.142646,126.919381
11149884143,35.142888,126.919577
11149884187,35.143127,126.918998
11149884196,35.142937,126.919180
11304060691,35.143275,126.919004
11149884198,35.142833,126.919135
11230541410,35.138671,126.917645
11230698369,35.148349,126.925036
11230698365,35.148557,126.925607
11261897237,35.143054,126.916523
11261897260,35.142909,126.916841
13056485382,35.148713,126.917352
11518823586,35.147058,126.916142
13056471839,35.146387,126.917440
11752323718,35.145141,126.925466
11752323720,35.146001,126.926126
11752323721,35.146443,126.926948
11799348561,35.131977,126.931741
13917435187,35.132828,126.935012
12382454507,35.141873,126.916010
12382454542,35.138098,126.917847
12382454544,35.138285,126.918181
12430342698,35.132766,126.927681
12430342697,35.132387,126.927905
12430453909,35.132569,126.927826
12430453902,35.132652,126.927777
12430453904,35.132558,126.927400
12430453901,35.132368,126.927444
12430453903,35.132579,126.927628
12430453905,35.132349,126.927737
12430453911,35.131433,126.926535
12430453921,35.133249,126.931184
12430453927,35.133123,126.921407
12430690936,35.132789,126.918237
12430453964,35.132803,126.918317
12430454071,35.133051,126.937126
12430454087,35.133105,126.918233
12430690929,35.132801,126.918775
12430690949,35.133096,126.918594
12430690948,35.133072,126.919052
12430690951,35.133078,126.918927
12430690950,35.133315,126.918615
12430690952,35.133297,126.918940
12491726334,35.148673,126.935370
12491726385,35.145635,126.922745
12491726386,35.145578,126.922705
12491726393,35.145948,126.922962
12491726394,35.145680,126.922483
12491726388,35.146124,126.922688
12491726395,35.146030,126.922835
13056485372,35.146187,126.922591
12820294183,35.146168,126.922494
13056485377,35.146993,126.923396
12491726402,35.146349,126.924166
13917435228,35.131627,126.930098
13917435221,35.131835,126.929811
12585138707,35.144334,126.923259
13089335710,35.144586,126.921284
12585138736,35.144366,126.920601
12655482629,35.134950,126.930351
12655482625,35.134757,126.930294
12655482631,35.134926,126.930049
12655482630,35.134923,126.930535
12655482626,35.135007,126.930556
13622042747,35.142314,126.931657
12765514868,35.141327,126.931933
13622042995,35.141564,126.931900
12765514877,35.140787,126.932726
12765514896,35.141677,126.932819
12765565610,35.142906,126.933592
12819746050,35.147820,126.919730
12819746059,35.148178,126.919777
12819746074,35.148047,126.919709
12820294182,35.146207,126.922268
13056485334,35.146152,126.922347
13056485373,35.146223,126.922417
12820294184,35.146273,126.922348
13052475509,35.148423,126.922595
13052447300,35.148554,126.922720
12820361017,35.148514,126.923251
12820361018,35.148208,126.922840
12820361020,35.148594,126.923256
12820361019,35.148741,126.923125
13052475508,35.148690,126.923170
12820361021,35.148530,126.923453
12851175990,35.138562,126.924257
12851177104,35.139449,126.926934
12851177138,35.139079,126.927295
13622108246,35.141393,126.929001
12851177172,35.138020,126.928943
12851177170,35.137999,126.928743
12851177171,35.137937,126.928891
12851177182,35.137279,126.929247
13550907735,35.137052,126.929115
12851177186,35.137183,126.929362
12851177197,35.137113,126.929361
13550907704,35.136232,126.929235
12851177187,35.136550,126.929047
12851177201,35.136906,126.929246
12851177199,35.136488,126.929213
12851177188,35.136576,126.928988
12851177198,35.137020,126.929490
12851177200,35.136773,126.929552
12851177202,35.136832,126.929410
12851177212,35.137274,126.929034
12852795339,35.137759,126.922069
12852795341,35.137662,126.921899
12852795351,35.137368,126.922384
12852795352,35.137417,126.922477
12852795385,35.136763,126.922828
12852795415,35.137364,126.922773
12852795399,35.137671,126.923197
12852795362,35.138024,126.923150
12852795363,35.137966,126.923707
13904111617,35.138523,126.922814
12852795371,35.137147,126.923802
12852795376,35.137044,126.923351
12852795377,35.137094,126.924038
12852795398,35.136563,126.922865
12852795397,35.136558,126.922371
12852795423,35.136690,126.922078
12852795430,35.136787,126.922285
13052475507,35.148252,126.924051
12872460840,35.147925,126.923634
12881290402,35.148508,126.932795
13056471873,35.146682,126.918445
13056471872,35.146820,126.918356
13056471876,35.146849,126.918504
13050595945,35.146084,126.919105
13050595951,35.145815,126.921585
13056485350,35.145472,126.920731
13050595968,35.145895,126.921682
13050595956,35.148161,126.921747
13056485302,35.147294,126.921735
13050595973,35.148270,126.921712
13050595957,35.148277,126.921664
13050595961,35.146390,126.919528
13050595964,35.145260,126.920207
13050595969,35.145988,126.921448
13052447279,35.145976,126.921732
13050595970,35.145973,126.921410
13050595971,35.146051,126.921408
13052447265,35.148412,126.921741
13052447256,35.148381,126.922045
13052447271,35.148377,126.922050
13052475513,35.148393,126.921924
13052447262,35.148887,126.923195
13052447299,35.148621,126.922665
13052447269,35.148407,126.921787
13052447266,35.148373,126.922057
13052447267,35.148178,126.922035
13052447268,35.148181,126.922032
13056485303,35.147270,126.922018
13052447270,35.148180,126.922018
13052447280,35.145976,126.922027
13056485332,35.145918,126.922137
13052447298,35.148496,126.922767
13052475518,35.148754,126.923366
13056471837,35.145896,126.916384
13056471838,35.145775,126.916470
13056471840,35.146264,126.917533
13056485466,35.145600,126.921689
13056485315,35.145513,126.921569
13056485349,35.145284,126.920852
13056485324,35.147022,126.923427
13056485327,35.146458,126.922645
13056485333,35.145845,126.922251
13056485345,35.145707,126.922220
13056485341,35.145512,126.921928
13056485342,35.145558,126.922123
13056485357,35.144811,126.919400
13056485464,35.146027,126.916018
13074248482,35.145756,126.916497
13074248484,35.145333,126.916879
13074276909,35.145319,126.918039
13074276913,35.145385,126.918339
13089326497,35.142814,126.920710
13089335702,35.142888,126.920498
13089335715,35.142888,126.920362
13089335720,35.144258,126.925558
13089335754,35.144702,126.924151
13089335735,35.144979,126.924730
13089335737,35.144781,126.924610
13089335738,35.144734,126.924728
13089335739,35.144932,126.924854
13089335756,35.144227,126.925268
13105994956,35.133831,126.921717
13105994955,35.133928,126.921905
13105994959,35.133887,126.921826
13192522670,35.148666,126.924306
13550907678,35.136718,126.928177
13621892245,35.139944,126.931408
13622042736,35.143394,126.932169
13622042737,35.143352,126.932296
13622042758,35.143406,126.931370
13622042850,35.139379,126.929903
13622042853,35.139439,126.929629
13622042854,35.139467,126.929499
13622042867,35.141133,126.929151
13622042874,35.141176,126.929271
13622092002,35.140783,126.931010
13622092003,35.140739,126.930456
13622042889,35.140762,126.929088
13622042953,35.141060,126.930596
13622042961,35.140957,126.930600
13622042954,35.141072,126.930730
13622042960,35.140974,126.930738
13622042955,35.141085,126.930868
13622042959,35.141024,126.930873
13622042965,35.141015,126.930109
13622091916,35.142755,126.927075
13622091996,35.142208,126.927165
13622091989,35.141963,126.926879
13622091991,35.142026,126.926922
13622091992,35.142226,126.926901
13622091919,35.142503,126.926951
13622091939,35.141460,126.926898
13622091952,35.141414,126.926879
13622091945,35.142077,126.926139
13622091961,35.142543,126.926878
13622108220,35.140569,126.928852
13622108221,35.140045,126.928886
13622108237,35.140544,126.928919
13622108227,35.141344,126.928380
13622108230,35.140463,126.930333
13622108278,35.142394,126.929255
13622121519,35.142497,126.929243
13622108282,35.142240,126.929158
13622127974,35.138970,126.932019
13622127976,35.138965,126.931958
13622127975,35.138942,126.931699
13903377555,35.131804,126.923390
13903377566,35.132011,126.923693
13903377602,35.132439,126.923310
13903377572,35.132287,126.923663
13903377571,35.132251,126.924376
13903377573,35.132258,126.924255
13903377601,35.132542,126.923513
13903377574,35.132391,126.924262
13903377575,35.132752,126.923742
13903377576,35.132782,126.923359
13903377578,35.132694,126.922799
13903377579,35.133059,126.923506
13903377584,35.135071,126.919166
13904146806,35.147206,126.936644
13904146807,35.147405,126.936574
13917435203,35.132765,126.934220
13917435204,35.132874,126.934316
13917435222,35.131720,126.929387
13917435224,35.131756,126.930528
13917435223,35.131940,126.930447
13917435226,35.131692,126.930315
13917435225,35.131875,126.930234
13917435227,35.131810,126.930017
13917435248,35.134773,126.924953
13917435251,35.134729,126.924881
13917435257,35.134422,126.924383
13917435252,35.135012,126.924618
13917435253,35.134932,126.920166
13917435254,35.134831,126.919717
13917435256,35.134732,126.924116
13917435260,35.135778,126.927182
